DEPARTAMENTO,DISA,ESTABLECIMIENTO,MARCA,PERIODO,CANTIDAD
"AMAZONAS","DIRESA-AMAZONAS","DIRESA AMAZONAS - CHACHAPOYAS","SINOPHARM","09/02/2021","882",
"AMAZONAS","DIRESA-AMAZONAS","RED DE SALUD UTCUBAMBA","SINOPHARM","09/02/2021","190",
"AMAZONAS","DIRESA-AMAZONAS","DIRESA AMAZONAS - CHACHAPOYAS","SINOPHARM","19/02/2021","2322",
"AMAZONAS","DIRESA-AMAZONAS","RED DE SALUD UTCUBAMBA","SINOPHARM","20/02/2021","863",
"AMAZONAS","DIRESA-AMAZONAS","RED DE SALUD UTCUBAMBA","SINOPHARM","25/02/2021","199",
"AMAZONAS","DIRESA-AMAZONAS","DIRESA AMAZONAS - CHACHAPOYAS","PFIZER","14/07/2021","8190",
"AMAZONAS","DIRESA-AMAZONAS","DIRESA AMAZONAS - CHACHAPOYAS","PFIZER","21/06/2021","1170",
"AMAZONAS","DIRESA-AMAZONAS","DIRESA AMAZONAS - CHACHAPOYAS","SINOPHARM","21/06/2021","30000",
"AMAZONAS","DIRESA-AMAZONAS","DIRESA AMAZONAS - CHACHAPOYAS","SINOPHARM","26/06/2021","30000",
"AMAZONAS","DIRESA-AMAZONAS","DIRESA AMAZONAS - CHACHAPOYAS","SINOPHARM","01/07/2021","13920",
"AMAZONAS","DIRESA-AMAZONAS","DIRESA AMAZONAS - CHACHAPOYAS","SINOPHARM","11/03/2021","2506",
"AMAZONAS","DIRESA-AMAZONAS","DIRESA AMAZONAS - CHACHAPOYAS","ASTRAZENECA","26/04/2021","23890",
"AMAZONAS","DIRESA-AMAZONAS","DIRESA AMAZONAS - CHACHAPOYAS","ASTRAZENECA","07/06/2021","34690",
"AMAZONAS","DIRESA-AMAZONAS","DIRESA AMAZONAS - CHACHAPOYAS","PFIZER","17/06/2021","1170",
"AMAZONAS","DIRESA-AMAZONAS","DIRESA AMAZONAS - CHACHAPOYAS","SINOPHARM","17/06/2021","30000",
"AMAZONAS","DIRESA-AMAZONAS","DIRESA AMAZONAS - CHACHAPOYAS","SINOPHARM","02/03/2021","1032",
"AMAZONAS","DIRESA-AMAZONAS","RED DE SALUD UTCUBAMBA","SINOPHARM","10/03/2021","886",
"ANCASH","DIRESA-ANCASH","DIRESA ANCASH - SIERRA","SINOPHARM","09/02/2021","1310",
"ANCASH","DIRESA-ANCASH","RED PACIFICO NORTE","SINOPHARM","09/02/2021","524",
"ANCASH","DIRESA-ANCASH","RED PACIFICO SUR","SINOPHARM","09/02/2021","1259",
"ANCASH","DIRESA-ANCASH","RED PACIFICO NORTE","SINOPHARM","22/02/2021","879",
"ANCASH","DIRESA-ANCASH","RED PACIFICO SUR","SINOPHARM","22/02/2021","826",
"ANCASH","DIRESA-ANCASH","RED PACIFICO NORTE","SINOPHARM","25/02/2021","524",
"ANCASH","DIRESA-ANCASH","DIRESA ANCASH - SIERRA","PFIZER","27/07/2021","78390",
"ANCASH","DIRESA-ANCASH","DIRESA ANCASH - SIERRA","PFIZER","12/07/2021","40980",
"ANCASH","DIRESA-ANCASH","DIRESA ANCASH - SIERRA","SINOPHARM","15/07/2021","72324",
"ANCASH","DIRESA-ANCASH","DIRESA ANCASH - SIERRA","PFIZER","15/07/2021","11700",
"ANCASH","DIRESA-ANCASH","DIRESA ANCASH - SIERRA","SINOPHARM","27/07/2021","20000",
"ANCASH","DIRESA-ANCASH","DIRESA ANCASH - SIERRA","SINOPHARM","14/06/2021","66416",
"ANCASH","DIRESA-ANCASH","DIRESA ANCASH - SIERRA","PFIZER","21/06/2021","26910",
"ANCASH","DIRESA-ANCASH","DIRESA ANCASH - SIERRA","PFIZER","05/07/2021","33930",
"ANCASH","DIRESA-ANCASH","DIRESA ANCASH - SIERRA","PFIZER","24/05/2021","31590",
"ANCASH","DIRESA-ANCASH","DIRESA ANCASH - SIERRA","PFIZER","03/06/2021","11700",
"ANCASH","DIRESA-ANCASH","DIRESA ANCASH - SIERRA","PFIZER","07/06/2021","58500",
"ANCASH","DIRESA-ANCASH","DIRESA ANCASH - SIERRA","PFIZER","04/05/2021","10530",
"ANCASH","DIRESA-ANCASH","DIRESA ANCASH - SIERRA","PFIZER","11/05/2021","16380",
"ANCASH","DIRESA-ANCASH","DIRESA ANCASH - SIERRA","PFIZER","18/05/2021","52650",
"ANCASH","DIRESA-ANCASH","RED PACIFICO NORTE","SINOPHARM","11/03/2021","2679",
"ANCASH","DIRESA-ANCASH","RED PACIFICO SUR","SINOPHARM","11/03/2021","1845",
"ANCASH","DIRESA-ANCASH","DIRESA ANCASH - SIERRA","SINOPHARM","05/04/2021","6000",
"ANCASH","DIRESA-ANCASH","DIRESA ANCASH - SIERRA","PFIZER","28/04/2021","7020",
"ANCASH","DIRESA-ANCASH","DIRESA ANCASH - SIERRA","SINOPHARM","11/03/2021","4926",
"ANCASH","DIRESA-ANCASH","RED PACIFICO SUR","SINOPHARM","25/02/2021","1259",
"ANCASH","DIRESA-ANCASH","DIRESA ANCASH - SIERRA","SINOPHARM","25/02/2021","1310",
"ANCASH","DIRESA-ANCASH","RED PACIFICO NORTE","SINOPHARM","02/03/2021","1704",
"ANCASH","DIRESA-ANCASH","RED PACIFICO SUR","SINOPHARM","02/03/2021","951",
"ANCASH","DIRESA-ANCASH","DIRESA ANCASH - SIERRA","SINOPHARM","02/03/2021","4738",
"APURIMAC","DIRESA-APURIMAC","DIRESA APURIMAC I - ABANCAY","SINOPHARM","09/02/2021","1936",
"APURIMAC","DIRESA-APURIMAC","DIRESA APURIMAC I - ABANCAY","SINOPHARM","19/02/2021","3132",
"APURIMAC","DIRESA-APURIMAC","DIRESA APURIMAC I - ABANCAY","SINOPHARM","25/02/2021","2240",
"APURIMAC","DIRESA-APURIMAC","DIRESA APURIMAC I - ABANCAY","SINOPHARM","11/03/2021","3504",
"APURIMAC","DIRESA-APURIMAC","DIRESA APURIMAC I - ABANCAY","PFIZER","12/07/2021","25740",
"APURIMAC","DIRESA-APURIMAC","DIRESA APURIMAC I - ABANCAY","SINOPHARM","19/07/2021","26118",
"APURIMAC","DIRESA-APURIMAC","DIRESA APURIMAC I - ABANCAY","PFIZER","31/07/2021","5850",
"APURIMAC","DIRESA-APURIMAC","DIRESA APURIMAC I - ABANCAY","ASTRAZENECA","22/04/2021","14280",
"APURIMAC","DIRESA-APURIMAC","DIRESA APURIMAC I - ABANCAY","ASTRAZENECA","04/06/2021","29340",
"APURIMAC","DIRESA-APURIMAC","DIRESA APURIMAC I - ABANCAY","SINOPHARM","14/06/2021","1900",
"APURIMAC","DIRESA-APURIMAC","DIRESA APURIMAC I - ABANCAY","PFIZER","17/06/2021","1170",
"APURIMAC","DIRESA-APURIMAC","DIRESA APURIMAC I - ABANCAY","PFIZER","22/06/2021","12870",
"AREQUIPA","GERESA-AREQUIPA","GERESA AREQUIPA","SINOPHARM","10/02/2021","6908",
"AREQUIPA","GERESA-AREQUIPA","GERESA AREQUIPA","SINOPHARM","18/02/2021","9698",
"AREQUIPA","GERESA-AREQUIPA","GERESA AREQUIPA","SINOPHARM","25/02/2021","9494",
"AREQUIPA","GERESA-AREQUIPA","GERESA AREQUIPA","SINOPHARM","12/03/2021","12426",
"AREQUIPA","GERESA-AREQUIPA","GERESA AREQUIPA","SINOPHARM","16/07/2021","63964",
"AREQUIPA","GERESA-AREQUIPA","GERESA AREQUIPA","PFIZER","24/07/2021","44460",
"AREQUIPA","GERESA-AREQUIPA","GERESA AREQUIPA","PFIZER","30/07/2021","52650",
"AREQUIPA","GERESA-AREQUIPA","GERESA AREQUIPA","PFIZER","16/06/2021","70278",
"AREQUIPA","GERESA-AREQUIPA","GERESA AREQUIPA","PFIZER","21/06/2021","60840",
"AREQUIPA","GERESA-AREQUIPA","GERESA AREQUIPA","PFIZER","01/07/2021","80850",
"AREQUIPA","GERESA-AREQUIPA","GERESA AREQUIPA","PFIZER","10/07/2021","56100",
"AREQUIPA","GERESA-AREQUIPA","GERESA AREQUIPA","PFIZER","17/05/2021","51480",
"AREQUIPA","GERESA-AREQUIPA","GERESA AREQUIPA","PFIZER","26/05/2021","101790",
"AREQUIPA","GERESA-AREQUIPA","GERESA AREQUIPA","PFIZER","09/06/2021","62010",
"AREQUIPA","GERESA-AREQUIPA","GERESA AREQUIPA","SINOPHARM","11/06/2021","21760",
"AREQUIPA","GERESA-AREQUIPA","GERESA AREQUIPA","PFIZER","27/04/2021","11700",
"AREQUIPA","GERESA-AREQUIPA","GERESA AREQUIPA","PFIZER","03/05/2021","8190",
"AREQUIPA","GERESA-AREQUIPA","GERESA AREQUIPA","PFIZER","11/05/2021","30420",
"AREQUIPA","GERESA-AREQUIPA","GERESA AREQUIPA","PFIZER","16/03/2021","2340",
"AREQUIPA","GERESA-AREQUIPA","GERESA AREQUIPA","PFIZER","24/03/2021","1170",
"AREQUIPA","GERESA-AREQUIPA","GERESA AREQUIPA","PFIZER","07/04/2021","2340",
"AREQUIPA","GERESA-AREQUIPA","GERESA AREQUIPA","PFIZER","13/04/2021","1170",
"AYACUCHO","DIRESA-AYACUCHO","DIRESA AYACUCHO","SINOPHARM","09/02/2021","3103",
"AYACUCHO","DIRESA-AYACUCHO","DIRESA AYACUCHO","SINOPHARM","18/02/2021","4746",
"AYACUCHO","DIRESA-AYACUCHO","DIRESA AYACUCHO","SINOPHARM","25/02/2021","4730",
"AYACUCHO","DIRESA-AYACUCHO","DIRESA AYACUCHO","SINOPHARM","10/03/2021","6615",
"AYACUCHO","DIRESA-AYACUCHO","DIRESA AYACUCHO","SINOPHARM","26/07/2021","10000",
"AYACUCHO","DIRESA-AYACUCHO","DIRESA AYACUCHO","PFIZER","26/07/2021","16380",
"AYACUCHO","DIRESA-AYACUCHO","DIRESA AYACUCHO","PFIZER","31/07/2021","23400",
"AYACUCHO","DIRESA-AYACUCHO","DIRESA AYACUCHO","SINOPHARM","11/06/2021","4342",
"AYACUCHO","DIRESA-AYACUCHO","DIRESA AYACUCHO","PFIZER","16/06/2021","2340",
"AYACUCHO","DIRESA-AYACUCHO","DIRESA AYACUCHO","PFIZER","21/06/2021","1170",
"AYACUCHO","DIRESA-AYACUCHO","DIRESA AYACUCHO","PFIZER","06/07/2021","18720",
"AYACUCHO","DIRESA-AYACUCHO","DIRESA AYACUCHO","PFIZER","12/07/2021","4680",
"AYACUCHO","DIRESA-AYACUCHO","DIRESA AYACUCHO","SINOPHARM","19/07/2021","38958",
"AYACUCHO","DIRESA-AYACUCHO","DIRESA AYACUCHO","ASTRAZENECA","22/04/2021","44350",
"AYACUCHO","DIRESA-AYACUCHO","DIRESA AYACUCHO","ASTRAZENECA","04/06/2021","65150",
"AMAZONAS","DIRESA-AMAZONAS","RED DE SALUD BAGUA","SINOPHARM","09/02/2021","264",
"AMAZONAS","DIRESA-AMAZONAS","RED DE SALUD BAGUA","SINOPHARM","20/02/2021","872",
"AMAZONAS","DIRESA-AMAZONAS","RED DE SALUD BAGUA","SINOPHARM","25/02/2021","282",
"AMAZONAS","DIRESA-AMAZONAS","RED DE SALUD BAGUA","SINOPHARM","11/03/2021","904",
"CAJAMARCA","GERESA-CAJAMARCA","DIRESA CAJAMARCA I","SINOPHARM","09/02/2021","2419",
"CAJAMARCA","GERESA-CAJAMARCA","DIRESA CAJAMARCA I","SINOPHARM","19/02/2021","4020",
"CAJAMARCA","GERESA-CAJAMARCA","DIRESA CAJAMARCA I","SINOPHARM","25/02/2021","2742",
"CAJAMARCA","GERESA-CAJAMARCA","DIRESA CAJAMARCA I","SINOPHARM","12/03/2021","4505",
"CAJAMARCA","GERESA-CAJAMARCA","DIRESA CAJAMARCA I","PFIZER","26/07/2021","26910",
"CAJAMARCA","GERESA-CAJAMARCA","DIRESA CAJAMARCA I","PFIZER","30/07/2021","31590",
"CAJAMARCA","GERESA-CAJAMARCA","DIRESA CAJAMARCA I","PFIZER","16/06/2021","15210",
"CAJAMARCA","GERESA-CAJAMARCA","DIRESA CAJAMARCA I","PFIZER","21/06/2021","7020",
"CAJAMARCA","GERESA-CAJAMARCA","DIRESA CAJAMARCA I","PFIZER","30/06/2021","19890",
"CAJAMARCA","GERESA-CAJAMARCA","DIRESA CAJAMARCA I","PFIZER","06/07/2021","35100",
"CAJAMARCA","GERESA-CAJAMARCA","DIRESA CAJAMARCA I","PFIZER","10/07/2021","24900",
"CAJAMARCA","GERESA-CAJAMARCA","DIRESA CAJAMARCA I","SINOPHARM","16/07/2021","44694",
"CAJAMARCA","GERESA-CAJAMARCA","DIRESA CAJAMARCA I","PFIZER","17/05/2021","21060",
"CAJAMARCA","GERESA-CAJAMARCA","DIRESA CAJAMARCA I","PFIZER","27/05/2021","45630",
"CAJAMARCA","GERESA-CAJAMARCA","DIRESA CAJAMARCA I","PFIZER","09/06/2021","37440",
"CAJAMARCA","GERESA-CAJAMARCA","DIRESA CAJAMARCA I","SINOPHARM","09/06/2021","58894",
"CAJAMARCA","GERESA-CAJAMARCA","DIRESA CAJAMARCA I","PFIZER","24/03/2021","1170",
"CAJAMARCA","GERESA-CAJAMARCA","DIRESA CAJAMARCA I","PFIZER","13/04/2021","1170",
"CAJAMARCA","GERESA-CAJAMARCA","DIRESA CAJAMARCA I","PFIZER","26/04/2021","9360",
"CAJAMARCA","GERESA-CAJAMARCA","DIRESA CAJAMARCA I","PFIZER","03/05/2021","3510",
"CAJAMARCA","GERESA-CAJAMARCA","DIRESA CAJAMARCA I","PFIZER","12/05/2021","18720",
"CALLAO","DIRESA-CALLAO","DIRESA CALLAO","SINOPHARM","08/02/2021","5152",
"CALLAO","ESSALUD","HOSPITAL NACIONAL ALBERTO SABOGAL SOLOGUREN - ESSALUD","SINOPHARM","08/02/2021","1990",
"CALLAO","DIRESA-CALLAO","DIRESA CALLAO","SINOPHARM","16/02/2021","9305",
"CALLAO","ESSALUD","HOSPITAL NACIONAL ALBERTO SABOGAL SOLOGUREN - ESSALUD","SINOPHARM","18/02/2021","1739",
"CALLAO","DIRESA-CALLAO","DIRESA CALLAO","SINOPHARM","19/02/2021","6133",
"CALLAO","DIRESA-CALLAO","DIRESA CALLAO","PFIZER","15/07/2021","6750",
"CALLAO","DIRESA-CALLAO","DIRESA CALLAO","PFIZER","16/07/2021","17550",
"CALLAO","DIRESA-CALLAO","DIRESA CALLAO","PFIZER","23/07/2021","42120",
"CALLAO","DIRESA-CALLAO","DIRESA CALLAO","SINOPHARM","27/07/2021","3922",
"CALLAO","DIRESA-CALLAO","DIRESA CALLAO","PFIZER","27/07/2021","12870",
"CALLAO","DIRESA-CALLAO","DIRESA CALLAO","PFIZER","28/07/2021","8190",
"CALLAO","DIRESA-CALLAO","DIRESA CALLAO","PFIZER","25/06/2021","9360",
"CALLAO","DIRESA-CALLAO","DIRESA CALLAO","PFIZER","28/06/2021","16380",
"CALLAO","DIRESA-CALLAO","DIRESA CALLAO","PFIZER","30/06/2021","65130",
"CALLAO","DIRESA-CALLAO","DIRESA CALLAO","PFIZER","09/07/2021","32100",
"CALLAO","DIRESA-CALLAO","DIRESA CALLAO","SINOPHARM","08/06/2021","5796",
"CALLAO","DIRESA-CALLAO","DIRESA CALLAO","PFIZER","15/06/2021","9360",
"CALLAO","DIRESA-CALLAO","DIRESA CALLAO","PFIZER","17/06/2021","10530",
"CALLAO","DIRESA-CALLAO","DIRESA CALLAO","PFIZER","24/06/2021","2340",
"CALLAO","DIRESA-CALLAO","DIRESA CALLAO","PFIZER","27/05/2021","17178",
"CALLAO","DIRESA-CALLAO","DIRESA CALLAO","PFIZER","04/06/2021","4680",
"CALLAO","DIRESA-CALLAO","DIRESA CALLAO","PFIZER","07/06/2021","19890",
"CALLAO","DIRESA-CALLAO","HOSP SAN JOSE","SINOPHARM","08/06/2021","110",
"CALLAO","DIRESA-CALLAO","HOSP DE VENTANILLA","SINOPHARM","08/06/2021","98",
"CALLAO","DIRESA-CALLAO","HOSPITAL NACIONAL DANIEL ALCIDES CARRION - CALLAO","SINOPHARM","08/06/2021","1532",
"CALLAO","DIRESA-CALLAO","DIRESA CALLAO","PFIZER","15/04/2021","7560",
"CALLAO","DIRESA-CALLAO","DIRESA CALLAO","PFIZER","22/04/2021","14040",
"CALLAO","DIRESA-CALLAO","DIRESA CALLAO","PFIZER","07/05/2021","2340",
"CALLAO","DIRESA-CALLAO","DIRESA CALLAO","PFIZER","09/05/2021","17550",
"CALLAO","DIRESA-CALLAO","DIRESA CALLAO","PFIZER","15/05/2021","4680",
"CALLAO","DIRESA-CALLAO","DIRESA CALLAO","PFIZER","18/05/2021","43290",
"CALLAO","DIRESA-CALLAO","DIRESA CALLAO","PFIZER","22/03/2021","1170",
"CALLAO","DIRESA-CALLAO","DIRESA CALLAO","PFIZER","27/03/2021","1170",
"CALLAO","DIRESA-CALLAO","DIRESA CALLAO","SINOPHARM","31/03/2021","2406",
"CALLAO","DIRESA-CALLAO","DIRESA CALLAO","PFIZER","03/04/2021","2340",
"CALLAO","DIRESA-CALLAO","DIRESA CALLAO","PFIZER","08/04/2021","1170",
"CALLAO","DIRESA-CALLAO","DIRESA CALLAO","SINOPHARM","08/03/2021","316",
"CALLAO","DIRESA-CALLAO","DIRESA CALLAO","PFIZER","08/03/2021","1170",
"CALLAO","DIRESA-CALLAO","DIRESA CALLAO","SINOPHARM","09/03/2021","10973",
"CALLAO","ESSALUD","HOSPITAL NACIONAL ALBERTO SABOGAL SOLOGUREN - ESSALUD","SINOPHARM","09/03/2021","1968",
"CALLAO","DIRESA-CALLAO","DIRESA CALLAO","PFIZER","15/03/2021","2340",
"CALLAO","ESSALUD","HOSPITAL NACIONAL ALBERTO SABOGAL SOLOGUREN - ESSALUD","SINOPHARM","19/02/2021","1990",
"CALLAO","ESSALUD","HOSPITAL NACIONAL ALBERTO SABOGAL SOLOGUREN - ESSALUD","SINOPHARM","24/02/2021","441",
"CALLAO","DIRESA-CALLAO","DIRESA CALLAO","SINOPHARM","24/02/2021","687",
"CALLAO","ESSALUD","HOSPITAL NACIONAL ALBERTO SABOGAL SOLOGUREN - ESSALUD","SINOPHARM","03/03/2021","670",
"APURIMAC","DIRESA-APURIMAC","DIRESA APURIMAC II - ANDAHUAYLAS","SINOPHARM","09/02/2021","1069",
"APURIMAC","DIRESA-APURIMAC","DIRESA APURIMAC II - ANDAHUAYLAS","SINOPHARM","19/02/2021","1189",
"APURIMAC","DIRESA-APURIMAC","DIRESA APURIMAC II - ANDAHUAYLAS","SINOPHARM","17/07/2021","11114",
"APURIMAC","DIRESA-APURIMAC","DIRESA APURIMAC II - ANDAHUAYLAS","PFIZER","30/07/2021","5850",
"APURIMAC","DIRESA-APURIMAC","DIRESA APURIMAC II - ANDAHUAYLAS","SINOPHARM","15/06/2021","850",
"APURIMAC","DIRESA-APURIMAC","DIRESA APURIMAC II - ANDAHUAYLAS","ASTRAZENECA","04/06/2021","16760",
"APURIMAC","DIRESA-APURIMAC","DIRESA APURIMAC II - ANDAHUAYLAS","ASTRAZENECA","23/04/2021","16760",
"APURIMAC","DIRESA-APURIMAC","DIRESA APURIMAC II - ANDAHUAYLAS","SINOPHARM","25/02/2021","1244",
"APURIMAC","DIRESA-APURIMAC","DIRESA APURIMAC II - ANDAHUAYLAS","SINOPHARM","11/03/2021","1394",
"CAJAMARCA","GERESA-CAJAMARCA","DIRESA CAJAMARCA II - CHOTA","SINOPHARM","09/02/2021","503",
"CAJAMARCA","GERESA-CAJAMARCA","DIRESA CAJAMARCA II - CHOTA","SINOPHARM","19/02/2021","1852",
"CAJAMARCA","GERESA-CAJAMARCA","DIRESA CAJAMARCA II - CHOTA","SINOPHARM","26/02/2021","585",
"CAJAMARCA","GERESA-CAJAMARCA","DIRESA CAJAMARCA II - CHOTA","SINOPHARM","11/03/2021","1986",
"CUSCO","DIRESA-CUSCO","DIRESA CUSCO","SINOPHARM","09/02/2021","5199",
"CUSCO","DIRESA-CUSCO","DIRESA CUSCO","SINOPHARM","18/02/2021","6481",
"CUSCO","DIRESA-CUSCO","DIRESA CUSCO","SINOPHARM","26/02/2021","6640",
"CUSCO","DIRESA-CUSCO","DIRESA CUSCO","SINOPHARM","11/03/2021","8260",
"CUSCO","DIRESA-CUSCO","DIRESA CUSCO","PFIZER","30/07/2021","50310",
"CUSCO","DIRESA-CUSCO","DIRESA CUSCO","PFIZER","30/06/2021","15210",
"CUSCO","DIRESA-CUSCO","DIRESA CUSCO","PFIZER","06/07/2021","37440",
"CUSCO","DIRESA-CUSCO","DIRESA CUSCO","PFIZER","10/07/2021","26400",
"CUSCO","DIRESA-CUSCO","DIRESA CUSCO","SINOPHARM","14/07/2021","82722",
"CUSCO","DIRESA-CUSCO","DIRESA CUSCO","PFIZER","14/07/2021","23400",
"CUSCO","DIRESA-CUSCO","DIRESA CUSCO","PFIZER","26/07/2021","29250",
"CUSCO","DIRESA-CUSCO","DIRESA CUSCO","PFIZER","26/05/2021","52650",
"CUSCO","DIRESA-CUSCO","DIRESA CUSCO","PFIZER","09/06/2021","39780",
"CUSCO","DIRESA-CUSCO","DIRESA CUSCO","SINOPHARM","11/06/2021","74640",
"CUSCO","DIRESA-CUSCO","DIRESA CUSCO","PFIZER","16/06/2021","24570",
"CUSCO","DIRESA-CUSCO","DIRESA CUSCO","PFIZER","21/06/2021","9360",
"CUSCO","DIRESA-CUSCO","DIRESA CUSCO","PFIZER","29/04/2021","17550",
"CUSCO","DIRESA-CUSCO","DIRESA CUSCO","PFIZER","11/05/2021","8190",
"CUSCO","DIRESA-CUSCO","DIRESA CUSCO","PFIZER","14/05/2021","4680",
"CUSCO","DIRESA-CUSCO","DIRESA CUSCO","PFIZER","17/05/2021","39780",
"CUSCO","DIRESA-CUSCO","DIRESA CUSCO","PFIZER","25/03/2021","1170",
"CUSCO","DIRESA-CUSCO","DIRESA CUSCO","PFIZER","13/04/2021","1170",
"CUSCO","DIRESA-CUSCO","DIRESA CUSCO","PFIZER","26/04/2021","11700",
"CAJAMARCA","GERESA-CAJAMARCA","DIRESA CAJAMARCA III - CUTERVO","SINOPHARM","09/02/2021","257",
"CAJAMARCA","GERESA-CAJAMARCA","DIRESA CAJAMARCA III - CUTERVO","SINOPHARM","20/02/2021","1195",
"CAJAMARCA","GERESA-CAJAMARCA","DIRESA CAJAMARCA III - CUTERVO","SINOPHARM","25/02/2021","305",
"CAJAMARCA","GERESA-CAJAMARCA","DIRESA CAJAMARCA III - CUTERVO","SINOPHARM","11/03/2021","1251",
"HUANCAVELICA","DIRESA-HUANCAVELICA","DIRESA HUANCAVELICA","SINOPHARM","09/02/2021","1793",
"HUANCAVELICA","DIRESA-HUANCAVELICA","DIRESA HUANCAVELICA","SINOPHARM","17/02/2021","3615",
"HUANCAVELICA","DIRESA-HUANCAVELICA","DIRESA HUANCAVELICA","SINOPHARM","25/02/2021","2807",
"HUANCAVELICA","DIRESA-HUANCAVELICA","DIRESA HUANCAVELICA","SINOPHARM","11/03/2021","4657",
"HUANCAVELICA","DIRESA-HUANCAVELICA","DIRESA HUANCAVELICA","PFIZER","22/06/2021","1170",
"HUANCAVELICA","DIRESA-HUANCAVELICA","DIRESA HUANCAVELICA","PFIZER","12/07/2021","9360",
"HUANCAVELICA","DIRESA-HUANCAVELICA","DIRESA HUANCAVELICA","PFIZER","14/07/2021","11700",
"HUANCAVELICA","DIRESA-HUANCAVELICA","DIRESA HUANCAVELICA","SINOPHARM","14/07/2021","36282",
"HUANCAVELICA","DIRESA-HUANCAVELICA","DIRESA HUANCAVELICA","PFIZER","30/07/2021","18720",
"HUANCAVELICA","DIRESA-HUANCAVELICA","DIRESA HUANCAVELICA","ASTRAZENECA","22/04/2021","26620",
"HUANCAVELICA","DIRESA-HUANCAVELICA","DIRESA HUANCAVELICA","ASTRAZENECA","07/06/2021","40320",
"HUANCAVELICA","DIRESA-HUANCAVELICA","DIRESA HUANCAVELICA","SINOPHARM","15/06/2021","822",
"HUANCAVELICA","DIRESA-HUANCAVELICA","DIRESA HUANCAVELICA","PFIZER","15/06/2021","1170",
"HUANUCO","DIRESA-HUANUCO","DIRESA HUANUCO","SINOPHARM","09/02/2021","2151",
"HUANUCO","DIRESA-HUANUCO","HUACRACHUCO","SINOPHARM","22/02/2021","164",
"HUANUCO","DIRESA-HUANUCO","DIRESA HUANUCO","SINOPHARM","20/02/2021","6325",
"HUANUCO","DIRESA-HUANUCO","HUACAYBAMBA","SINOPHARM","22/02/2021","151",
"HUANUCO","DIRESA-HUANUCO","DIRESA HUANUCO","SINOPHARM","26/02/2021","2151",
"HUANUCO","DIRESA-HUANUCO","DIRESA HUANUCO","SINOPHARM","16/07/2021","56370",
"HUANUCO","DIRESA-HUANUCO","DIRESA HUANUCO","PFIZER","26/07/2021","11700",
"HUANUCO","DIRESA-HUANUCO","DIRESA HUANUCO","PFIZER","30/07/2021","2340",
"HUANUCO","DIRESA-HUANUCO","DIRESA HUANUCO","PFIZER","18/06/2021","4680",
"HUANUCO","DIRESA-HUANUCO","DIRESA HUANUCO","PFIZER","08/07/2021","9360",
"HUANUCO","DIRESA-HUANUCO","DIRESA HUANUCO","SINOPHARM","08/07/2021","4000",
"HUANUCO","DIRESA-HUANUCO","DIRESA HUANUCO","PFIZER","12/07/2021","2400",
"HUANUCO","DIRESA-HUANUCO","DIRESA HUANUCO","PFIZER","16/07/2021","2400",
"HUANUCO","DIRESA-HUANUCO","DIRESA HUANUCO","SINOPHARM","13/03/2021","7289",
"HUANUCO","DIRESA-HUANUCO","DIRESA HUANUCO","ASTRAZENECA","21/04/2021","43430",
"HUANUCO","DIRESA-HUANUCO","DIRESA HUANUCO","ASTRAZENECA","03/06/2021","62690",
"HUANUCO","DIRESA-HUANUCO","DIRESA HUANUCO","SINOPHARM","11/06/2021","9460",
"HUANUCO","DIRESA-HUANUCO","DIRESA HUANUCO","SINOPHARM","02/03/2021","702",
"HUANUCO","DIRESA-HUANUCO","HUACRACHUCO","SINOPHARM","11/03/2021","164",
"HUANUCO","DIRESA-HUANUCO","HUACAYBAMBA","SINOPHARM","11/03/2021","169",
"ICA","DIRESA-ICA","DIRESA ICA","SINOPHARM","09/02/2021","4176",
"ICA","DIRESA-ICA","DIRESA ICA","SINOPHARM","18/02/2021","5343",
"ICA","DIRESA-ICA","DIRESA ICA","SINOPHARM","25/02/2021","5933",
"ICA","DIRESA-ICA","DIRESA ICA","SINOPHARM","14/07/2021","53524",
"ICA","DIRESA-ICA","DIRESA ICA","PFIZER","23/07/2021","30420",
"ICA","DIRESA-ICA","DIRESA ICA","SINOPHARM","26/07/2021","1500",
"ICA","DIRESA-ICA","DIRESA ICA","PFIZER","16/06/2021","5850",
"ICA","DIRESA-ICA","DIRESA ICA","PFIZER","03/07/2021","40950",
"ICA","DIRESA-ICA","DIRESA ICA","PFIZER","14/07/2021","8400",
"ICA","DIRESA-ICA","DIRESA ICA","PFIZER","28/05/2021","11700",
"ICA","DIRESA-ICA","DIRESA ICA","PFIZER","02/06/2021","12870",
"ICA","DIRESA-ICA","DIRESA ICA","PFIZER","07/06/2021","73710",
"ICA","DIRESA-ICA","DIRESA ICA","SINOPHARM","11/06/2021","4190",
"ICA","DIRESA-ICA","DIRESA ICA","PFIZER","27/04/2021","7020",
"ICA","DIRESA-ICA","DIRESA ICA","PFIZER","04/05/2021","10530",
"ICA","DIRESA-ICA","DIRESA ICA","PFIZER","17/05/2021","44460",
"ICA","DIRESA-ICA","DIRESA ICA","PFIZER","24/05/2021","29250",
"ICA","DIRESA-ICA","DIRESA ICA","SINOPHARM","12/03/2021","7334",
"ICA","DIRESA-ICA","DIRESA ICA","SINOPHARM","31/03/2021","8938",
"CAJAMARCA","GERESA-CAJAMARCA","DIRECCION SUB REGIONAL DE SALUD JAEN","SINOPHARM","09/02/2021","894",
"CAJAMARCA","GERESA-CAJAMARCA","DIRECCION SUB REGIONAL DE SALUD JAEN","SINOPHARM","20/02/2021","2343",
"CAJAMARCA","GERESA-CAJAMARCA","DIRECCION SUB REGIONAL DE SALUD JAEN","SINOPHARM","25/02/2021","1042",
"CAJAMARCA","GERESA-CAJAMARCA","DIRECCION SUB REGIONAL DE SALUD JAEN","SINOPHARM","11/03/2021","2505",
"CAJAMARCA","GERESA-CAJAMARCA","DIRECCION SUB REGIONAL DE SALUD JAEN","PFIZER","30/07/2021","9360",
"CAJAMARCA","GERESA-CAJAMARCA","DIRECCION SUB REGIONAL DE SALUD JAEN","PFIZER","16/06/2021","8190",
"CAJAMARCA","GERESA-CAJAMARCA","DIRECCION SUB REGIONAL DE SALUD JAEN","PFIZER","21/06/2021","3510",
"CAJAMARCA","GERESA-CAJAMARCA","DIRECCION SUB REGIONAL DE SALUD JAEN","PFIZER","30/06/2021","9360",
"CAJAMARCA","GERESA-CAJAMARCA","DIRECCION SUB REGIONAL DE SALUD JAEN","PFIZER","12/07/2021","10200",
"CAJAMARCA","GERESA-CAJAMARCA","DIRECCION SUB REGIONAL DE SALUD JAEN","SINOPHARM","17/07/2021","17382",
"CAJAMARCA","GERESA-CAJAMARCA","DIRECCION SUB REGIONAL DE SALUD JAEN","PFIZER","27/07/2021","3510",
"CAJAMARCA","GERESA-CAJAMARCA","DIRECCION SUB REGIONAL DE SALUD JAEN","PFIZER","12/05/2021","7020",
"CAJAMARCA","GERESA-CAJAMARCA","DIRECCION SUB REGIONAL DE SALUD JAEN","PFIZER","17/05/2021","7020",
"CAJAMARCA","GERESA-CAJAMARCA","DIRECCION SUB REGIONAL DE SALUD JAEN","PFIZER","27/05/2021","23400",
"JUNIN","DIRESA-JUNIN","DIRESA JUNIN","SINOPHARM","09/02/2021","5843",
"JUNIN","DIRESA-JUNIN","DIRESA JUNIN","SINOPHARM","17/02/2021","6248",
"JUNIN","DIRESA-JUNIN","DIRESA JUNIN","SINOPHARM","25/02/2021","9554",
"JUNIN","DIRESA-JUNIN","DIRESA JUNIN","SINOPHARM","12/03/2021","10151",
"JUNIN","DIRESA-JUNIN","DIRESA JUNIN","PFIZER","23/07/2021","23400",
"JUNIN","DIRESA-JUNIN","DIRESA JUNIN","PFIZER","27/07/2021","35100",
"JUNIN","DIRESA-JUNIN","DIRESA JUNIN","PFIZER","21/06/2021","31590",
"JUNIN","DIRESA-JUNIN","DIRESA JUNIN","PFIZER","03/07/2021","10530",
"JUNIN","DIRESA-JUNIN","DIRESA JUNIN","PFIZER","09/07/2021","23250",
"JUNIN","DIRESA-JUNIN","DIRESA JUNIN","PFIZER","12/07/2021","11700",
"JUNIN","DIRESA-JUNIN","DIRESA JUNIN","SINOPHARM","13/07/2021","110648",
"JUNIN","DIRESA-JUNIN","DIRESA JUNIN","PFIZER","27/05/2021","32760",
"JUNIN","DIRESA-JUNIN","DIRESA JUNIN","PFIZER","07/06/2021","57330",
"JUNIN","DIRESA-JUNIN","DIRESA JUNIN","SINOPHARM","09/06/2021","102694",
"JUNIN","DIRESA-JUNIN","DIRESA JUNIN","PFIZER","16/06/2021","43290",
"JUNIN","DIRESA-JUNIN","DIRESA JUNIN","PFIZER","13/04/2021","2340",
"JUNIN","DIRESA-JUNIN","DIRESA JUNIN","PFIZER","27/04/2021","7020",
"JUNIN","DIRESA-JUNIN","DIRESA JUNIN","PFIZER","03/05/2021","9360",
"JUNIN","DIRESA-JUNIN","DIRESA JUNIN","PFIZER","12/05/2021","11700",
"JUNIN","DIRESA-JUNIN","DIRESA JUNIN","PFIZER","17/05/2021","53820",
"JUNIN","DIRESA-JUNIN","DIRESA JUNIN","PFIZER","25/03/2021","2340",
"LA_LIBERTAD","GERESA-LA LIBERTAD","GERESA LA LIBERTAD","SINOPHARM","10/02/2021","7367",
"LA_LIBERTAD","GERESA-LA LIBERTAD","GERESA LA LIBERTAD","SINOPHARM","18/02/2021","7954",
"LA_LIBERTAD","GERESA-LA LIBERTAD","GERESA LA LIBERTAD","SINOPHARM","25/02/2021","10016",
"LA_LIBERTAD","GERESA-LA LIBERTAD","GERESA LA LIBERTAD","PFIZER","30/07/2021","40950",
"LA_LIBERTAD","GERESA-LA LIBERTAD","GERESA LA LIBERTAD","SINOPHARM","16/07/2021","51440",
"LA_LIBERTAD","GERESA-LA LIBERTAD","GERESA LA LIBERTAD","PFIZER","24/07/2021","35100",
"LA_LIBERTAD","GERESA-LA LIBERTAD","GERESA LA LIBERTAD","PFIZER","06/07/2021","46800",
"LA_LIBERTAD","GERESA-LA LIBERTAD","GERESA LA LIBERTAD","PFIZER","14/07/2021","40800",
"LA_LIBERTAD","GERESA-LA LIBERTAD","GERESA LA LIBERTAD","SINOPHARM","11/06/2021","61890",
"LA_LIBERTAD","GERESA-LA LIBERTAD","GERESA LA LIBERTAD","PFIZER","16/06/2021","74880",
"LA_LIBERTAD","GERESA-LA LIBERTAD","GERESA LA LIBERTAD","PFIZER","21/06/2021","19890",
"LA_LIBERTAD","GERESA-LA LIBERTAD","GERESA LA LIBERTAD","PFIZER","25/05/2021","101790",
"LA_LIBERTAD","GERESA-LA LIBERTAD","GERESA LA LIBERTAD","PFIZER","09/06/2021","58500",
"LA_LIBERTAD","GERESA-LA LIBERTAD","GERESA LA LIBERTAD","PFIZER","17/05/2021","92430",
"LA_LIBERTAD","GERESA-LA LIBERTAD","GERESA LA LIBERTAD","PFIZER","03/05/2021","17550",
"LA_LIBERTAD","GERESA-LA LIBERTAD","GERESA LA LIBERTAD","PFIZER","11/05/2021","23400",
"LA_LIBERTAD","GERESA-LA LIBERTAD","GERESA LA LIBERTAD","PFIZER","07/04/2021","5850",
"LA_LIBERTAD","GERESA-LA LIBERTAD","GERESA LA LIBERTAD","PFIZER","26/04/2021","14040",
"LA_LIBERTAD","GERESA-LA LIBERTAD","GERESA LA LIBERTAD","SINOPHARM","11/03/2021","10825",
"LA_LIBERTAD","GERESA-LA LIBERTAD","GERESA LA LIBERTAD","PFIZER","15/03/2021","5850",
"LAMBAYEQUE","GERESA-LAMBAYEQUE","GERESA LAMBAYEQUE","SINOPHARM","10/02/2021","4062",
"LAMBAYEQUE","GERESA-LAMBAYEQUE","GERESA LAMBAYEQUE","SINOPHARM","18/02/2021","7481",
"LAMBAYEQUE","GERESA-LAMBAYEQUE","GERESA LAMBAYEQUE","SINOPHARM","25/02/2021","5976",
"LAMBAYEQUE","GERESA-LAMBAYEQUE","GERESA LAMBAYEQUE","SINOPHARM","11/03/2021","9591",
"LAMBAYEQUE","GERESA-LAMBAYEQUE","GERESA LAMBAYEQUE","PFIZER","24/07/2021","3510",
"LAMBAYEQUE","GERESA-LAMBAYEQUE","GERESA LAMBAYEQUE","PFIZER","30/07/2021","24570",
"LAMBAYEQUE","GERESA-LAMBAYEQUE","GERESA LAMBAYEQUE","SINOPHARM","09/06/2021","17670",
"LAMBAYEQUE","GERESA-LAMBAYEQUE","GERESA LAMBAYEQUE","PFIZER","16/06/2021","66690",
"LAMBAYEQUE","GERESA-LAMBAYEQUE","GERESA LAMBAYEQUE","PFIZER","21/06/2021","47970",
"LAMBAYEQUE","GERESA-LAMBAYEQUE","GERESA LAMBAYEQUE","PFIZER","06/07/2021","71370",
"LAMBAYEQUE","GERESA-LAMBAYEQUE","GERESA LAMBAYEQUE","PFIZER","12/07/2021","24570",
"LAMBAYEQUE","GERESA-LAMBAYEQUE","GERESA LAMBAYEQUE","SINOPHARM","19/07/2021","27682",
"LAMBAYEQUE","GERESA-LAMBAYEQUE","GERESA LAMBAYEQUE","PFIZER","17/05/2021","58500",
"LAMBAYEQUE","GERESA-LAMBAYEQUE","GERESA LAMBAYEQUE","PFIZER","26/05/2021","47970",
"LAMBAYEQUE","GERESA-LAMBAYEQUE","GERESA LAMBAYEQUE","PFIZER","09/06/2021","51480",
"LAMBAYEQUE","GERESA-LAMBAYEQUE","GERESA LAMBAYEQUE","PFIZER","26/04/2021","9360",
"LAMBAYEQUE","GERESA-LAMBAYEQUE","GERESA LAMBAYEQUE","PFIZER","03/05/2021","17550",
"LAMBAYEQUE","GERESA-LAMBAYEQUE","GERESA LAMBAYEQUE","PFIZER","11/05/2021","14040",
"LIMA_METROPOLITANA","ESSALUD","HOSPITAL NACIONAL GUILLERMO ALMENARA YRIGOYEN - ESSALUD","SINOPHARM","08/02/2021","2932",
"LIMA_METROPOLITANA","ESSALUD","HOSPITAL NACIONAL GUILLERMO ALMENARA YRIGOYEN - ESSALUD","SINOPHARM","17/02/2021","2548",
"LIMA_METROPOLITANA","ESSALUD","HOSPITAL NACIONAL GUILLERMO ALMENARA YRIGOYEN - ESSALUD","SINOPHARM","19/02/2021","2932",
"LIMA_METROPOLITANA","ESSALUD","HOSPITAL NACIONAL GUILLERMO ALMENARA YRIGOYEN - ESSALUD","SINOPHARM","24/02/2021","1050",
"LIMA_METROPOLITANA","ESSALUD","HOSPITAL NACIONAL GUILLERMO ALMENARA YRIGOYEN - ESSALUD","SINOPHARM","03/03/2021","1429",
"LIMA_METROPOLITANA","ESSALUD","HOSPITAL NACIONAL GUILLERMO ALMENARA YRIGOYEN - ESSALUD","PFIZER","08/03/2021","11700",
"LIMA_METROPOLITANA","ESSALUD","HOSPITAL NACIONAL GUILLERMO ALMENARA YRIGOYEN - ESSALUD","SINOPHARM","09/03/2021","2927",
"LIMA_METROPOLITANA","ESSALUD","HOSPITAL NACIONAL EDGARDO REBAGLIATI MARTINS - ESSALUD","SINOPHARM","08/02/2021","4416",
"LIMA_METROPOLITANA","ESSALUD","HOSPITAL NACIONAL EDGARDO REBAGLIATI MARTINS - ESSALUD","SINOPHARM","17/02/2021","9148",
"LIMA_METROPOLITANA","ESSALUD","HOSPITAL NACIONAL EDGARDO REBAGLIATI MARTINS - ESSALUD","SINOPHARM","19/02/2021","4416",
"LIMA_METROPOLITANA","ESSALUD","HOSPITAL NACIONAL EDGARDO REBAGLIATI MARTINS - ESSALUD","SINOPHARM","24/02/2021","1216",
"LIMA_METROPOLITANA","ESSALUD","HOSPITAL NACIONAL EDGARDO REBAGLIATI MARTINS - ESSALUD","SINOPHARM","05/03/2021","500",
"LIMA","MINISTERIO DE DEFENSA","COMANDO CONJUNTO DE LAS FUERZAS ARMADAS","PFIZER","08/03/2021","17550",
"LIMA","DIRESA-LIMA","DIRESA LIMA","PFIZER","15/07/2021","38610",
"LIMA","DIRESA-LIMA","DIRESA LIMA","SINOPHARM","23/07/2021","20000",
"LIMA","DIRESA-LIMA","DIRESA LIMA","PFIZER","23/07/2021","26910",
"LIMA","DIRESA-LIMA","DIRESA LIMA","PFIZER","30/07/2021","35100",
"LIMA","DIRESA-LIMA","DIRESA LIMA","PFIZER","07/06/2021","60840",
"LIMA","DIRESA-LIMA","DIRESA LIMA","SINOPHARM","14/06/2021","23980",
"LIMA","DIRESA-LIMA","DIRESA LIMA","PFIZER","21/06/2021","33930",
"LIMA","DIRESA-LIMA","DIRESA LIMA","PFIZER","03/07/2021","29250",
"LIMA","DIRESA-LIMA","DIRESA LIMA","SINOPHARM","16/07/2021","17630",
"LIMA","DIRESA-LIMA","DIRESA LIMA","PFIZER","04/05/2021","5850",
"LIMA","DIRESA-LIMA","DIRESA LIMA","PFIZER","10/05/2021","21060",
"LIMA","DIRESA-LIMA","DIRESA LIMA","PFIZER","18/05/2021","29250",
"LIMA","DIRESA-LIMA","DIRESA LIMA","PFIZER","24/05/2021","57330",
"LIMA","DIRESA-LIMA","DIRESA LIMA","PFIZER","03/06/2021","10530",
"LIMA","DIRESA-LIMA","DIRESA LIMA","SINOPHARM","26/02/2021","3957",
"LIMA","DIRESA-LIMA","DIRESA LIMA","SINOPHARM","12/03/2021","8404",
"LIMA","DIRESA-LIMA","DIRESA LIMA","PFIZER","26/04/2021","5850",
"LIMA","MINISTERIO DE DEFENSA","COMANDO CONJUNTO DE LAS FUERZAS ARMADAS","PFIZER","16/04/2021","8136",
"LIMA","MINISTERIO DE DEFENSA","COMANDO CONJUNTO DE LAS FUERZAS ARMADAS","PFIZER","29/04/2021","1224",
"LIMA","MINISTERIO DE DEFENSA","COMANDO CONJUNTO DE LAS FUERZAS ARMADAS","PFIZER","30/04/2021","9360",
"LIMA","MINISTERIO DE DEFENSA","COMANDO CONJUNTO DE LAS FUERZAS ARMADAS","PFIZER","10/05/2021","5850",
"LIMA","DIRESA-LIMA","DIRESA LIMA","SINOPHARM","09/02/2021","3851",
"LIMA","DIRESA-LIMA","DIRESA LIMA","SINOPHARM","19/02/2021","8070",
"LIMA","MINISTERIO DE DEFENSA","COMANDO CONJUNTO DE LAS FUERZAS ARMADAS","PFIZER","27/03/2021","17550",
"LIMA","MINISTERIO DE DEFENSA","COMANDO CONJUNTO DE LAS FUERZAS ARMADAS","PFIZER","03/04/2021","11700",
"LIMA_METROPOLITANA","ESSALUD","HOSPITAL NACIONAL EDGARDO REBAGLIATI MARTINS - ESSALUD","SINOPHARM","08/04/2021","5412",
"LIMA","MINISTERIO DE DEFENSA","COMANDO CONJUNTO DE LAS FUERZAS ARMADAS","PFIZER","08/04/2021","44460",
"LIMA","MINISTERIO DE DEFENSA","COMANDO CONJUNTO DE LAS FUERZAS ARMADAS","PFIZER","14/04/2021","9360",
"LIMA","MINISTERIO DE DEFENSA","COMANDO CONJUNTO DE LAS FUERZAS ARMADAS","PFIZER","15/03/2021","46800",
"LIMA","MINISTERIO DE DEFENSA","COMANDO CONJUNTO DE LAS FUERZAS ARMADAS","PFIZER","22/03/2021","9360",
"LIMA_METROPOLITANA","ESSALUD","HOSPITAL NACIONAL EDGARDO REBAGLIATI MARTINS - ESSALUD","SINOPHARM","23/03/2021","7000",
"LIMA_METROPOLITANA","ESSALUD","HOSPITAL NACIONAL EDGARDO REBAGLIATI MARTINS - ESSALUD","SINOPHARM","25/03/2021","2170",
"LIMA_METROPOLITANA","ESSALUD","HOSPITAL NACIONAL EDGARDO REBAGLIATI MARTINS - ESSALUD","SINOPHARM","27/03/2021","4200",
"LIMA_METROPOLITANA","ESSALUD","HOSPITAL NACIONAL EDGARDO REBAGLIATI MARTINS - ESSALUD","SINOPHARM","09/03/2021","11364",
"LIMA_METROPOLITANA","ESSALUD","HOSPITAL NACIONAL EDGARDO REBAGLIATI MARTINS - ESSALUD","SINOPHARM","10/03/2021","670",
"LIMA_METROPOLITANA","ESSALUD","HOSPITAL NACIONAL EDGARDO REBAGLIATI MARTINS - ESSALUD","SINOPHARM","12/03/2021","1000",
"LORETO","DIRESA-LORETO","DIRESA LORETO","SINOPHARM","10/02/2021","2766",
"LORETO","DIRESA-LORETO","RED DE SALUD ALTO AMAZONAS","SINOPHARM","10/02/2021","631",
"LORETO","DIRESA-LORETO","RED DE SALUD ALTO AMAZONAS","SINOPHARM","19/02/2021","1293",
"LORETO","DIRESA-LORETO","DIRESA LORETO","SINOPHARM","19/02/2021","5725",
"LORETO","DIRESA-LORETO","DIRESA LORETO","SINOPHARM","25/02/2021","2766",
"LORETO","DIRESA-LORETO","RED DE SALUD ALTO AMAZONAS","SINOPHARM","27/02/2021","631",
"LORETO","DIRESA-LORETO","RED DE SALUD ALTO AMAZONAS","PFIZER","21/06/2021","4680",
"LORETO","DIRESA-LORETO","DIRESA LORETO","PFIZER","16/07/2021","5850",
"LORETO","DIRESA-LORETO","RED DE SALUD ALTO AMAZONAS","PFIZER","07/06/2021","4680",
"LORETO","DIRESA-LORETO","DIRESA LORETO","PFIZER","09/06/2021","22230",
"LORETO","DIRESA-LORETO","DIRESA LORETO","SINOPHARM","11/06/2021","163524",
"LORETO","DIRESA-LORETO","DIRESA LORETO","PFIZER","16/06/2021","5850",
"LORETO","DIRESA-LORETO","DIRESA LORETO","PFIZER","21/06/2021","17550",
"LORETO","DIRESA-LORETO","DIRESA LORETO","PFIZER","17/05/2021","28080",
"LORETO","DIRESA-LORETO","RED DE SALUD ALTO AMAZONAS","PFIZER","22/05/2021","4680",
"LORETO","DIRESA-LORETO","DIRESA LORETO","PFIZER","26/05/2021","24570",
"LORETO","DIRESA-LORETO","RED DE SALUD ALTO AMAZONAS","PFIZER","26/05/2021","4680",
"LORETO","DIRESA-LORETO","DIRESA LORETO","PFIZER","17/03/2021","5850",
"LORETO","DIRESA-LORETO","DIRESA LORETO","PFIZER","07/04/2021","5850",
"LORETO","DIRESA-LORETO","DIRESA LORETO","PFIZER","27/04/2021","4680",
"LORETO","DIRESA-LORETO","DIRESA LORETO","PFIZER","03/05/2021","2340",
"LORETO","DIRESA-LORETO","DIRESA LORETO","PFIZER","11/05/2021","19890",
"LORETO","DIRESA-LORETO","DIRESA LORETO","SINOPHARM","11/03/2021","5487",
"LORETO","DIRESA-LORETO","RED DE SALUD ALTO AMAZONAS","SINOPHARM","11/03/2021","1565",
"MADRE_DE_DIOS","DIRESA-MADRE DE DIOS","DIRESA MADRE DE DIOS","SINOPHARM","10/02/2021","504",
"MADRE_DE_DIOS","DIRESA-MADRE DE DIOS","DIRESA MADRE DE DIOS","SINOPHARM","19/02/2021","1327",
"MADRE_DE_DIOS","DIRESA-MADRE DE DIOS","DIRESA MADRE DE DIOS","SINOPHARM","26/02/2021","1344",
"MADRE_DE_DIOS","DIRESA-MADRE DE DIOS","DIRESA MADRE DE DIOS","PFIZER","30/07/2021","5850",
"MADRE_DE_DIOS","DIRESA-MADRE DE DIOS","DIRESA MADRE DE DIOS","PFIZER","15/06/2021","1170",
"MADRE_DE_DIOS","DIRESA-MADRE DE DIOS","DIRESA MADRE DE DIOS","PFIZER","12/07/2021","1170",
"MADRE_DE_DIOS","DIRESA-MADRE DE DIOS","DIRESA MADRE DE DIOS","SINOPHARM","19/07/2021","1168",
"MADRE_DE_DIOS","DIRESA-MADRE DE DIOS","DIRESA MADRE DE DIOS","PFIZER","19/07/2021","6300",
"MADRE_DE_DIOS","DIRESA-MADRE DE DIOS","DIRESA MADRE DE DIOS","SINOPHARM","12/03/2021","2251",
"MADRE_DE_DIOS","DIRESA-MADRE DE DIOS","DIRESA MADRE DE DIOS","ASTRAZENECA","22/04/2021","4260",
"MADRE_DE_DIOS","DIRESA-MADRE DE DIOS","DIRESA MADRE DE DIOS","ASTRAZENECA","04/06/2021","19060",
"MADRE_DE_DIOS","DIRESA-MADRE DE DIOS","DIRESA MADRE DE DIOS","SINOPHARM","15/06/2021","11534",
"MOQUEGUA","DIRESA-MOQUEGUA","GERESA MOQUEGUA","SINOPHARM","10/02/2021","1199",
"MOQUEGUA","DIRESA-MOQUEGUA","GERESA MOQUEGUA","SINOPHARM","18/02/2021","2048",
"MOQUEGUA","DIRESA-MOQUEGUA","GERESA MOQUEGUA","SINOPHARM","23/02/2021","1603",
"MOQUEGUA","DIRESA-MOQUEGUA","GERESA MOQUEGUA","SINOPHARM","24/02/2021","290",
"MOQUEGUA","DIRESA-MOQUEGUA","GERESA MOQUEGUA","SINOPHARM","10/03/2021","3380",
"MOQUEGUA","DIRESA-MOQUEGUA","GERESA MOQUEGUA","PFIZER","16/06/2021","3510",
"MOQUEGUA","DIRESA-MOQUEGUA","GERESA MOQUEGUA","PFIZER","23/06/2021","1170",
"MOQUEGUA","DIRESA-MOQUEGUA","GERESA MOQUEGUA","PFIZER","07/07/2021","16380",
"MOQUEGUA","DIRESA-MOQUEGUA","GERESA MOQUEGUA","SINOPHARM","14/07/2021","5964",
"MOQUEGUA","DIRESA-MOQUEGUA","GERESA MOQUEGUA","PFIZER","14/07/2021","10302",
"MOQUEGUA","DIRESA-MOQUEGUA","GERESA MOQUEGUA","PFIZER","28/07/2021","22230",
"MOQUEGUA","DIRESA-MOQUEGUA","GERESA MOQUEGUA","PFIZER","19/05/2021","4680",
"MOQUEGUA","DIRESA-MOQUEGUA","GERESA MOQUEGUA","PFIZER","27/05/2021","17550",
"MOQUEGUA","DIRESA-MOQUEGUA","GERESA MOQUEGUA","SINOPHARM","09/06/2021","1670",
"MOQUEGUA","DIRESA-MOQUEGUA","GERESA MOQUEGUA","PFIZER","09/06/2021","10530",
"MOQUEGUA","DIRESA-MOQUEGUA","GERESA MOQUEGUA","PFIZER","28/04/2021","1170",
"MOQUEGUA","DIRESA-MOQUEGUA","GERESA MOQUEGUA","PFIZER","12/05/2021","8190",
"PASCO","DIRESA-PASCO","DIRESA PASCO","SINOPHARM","09/02/2021","816",
"PASCO","DIRESA-PASCO","RED DE SALUD OXAPAMPA - PASCO","SINOPHARM","09/02/2021","428",
"PASCO","DIRESA-PASCO","RED DE SALUD OXAPAMPA - PASCO","SINOPHARM","19/02/2021","552",
"PASCO","DIRESA-PASCO","DIRESA PASCO","SINOPHARM","20/02/2021","1560",
"PASCO","DIRESA-PASCO","RED DE SALUD OXAPAMPA - PASCO","SINOPHARM","25/02/2021","512",
"PASCO","DIRESA-PASCO","DIRESA PASCO","PFIZER","30/07/2021","10530",
"PASCO","DIRESA-PASCO","DIRESA PASCO","PFIZER","18/06/2021","2340",
"PASCO","DIRESA-PASCO","DIRESA PASCO","PFIZER","12/07/2021","2340",
"PASCO","DIRESA-PASCO","DIRESA PASCO","PFIZER","16/07/2021","10500",
"PASCO","DIRESA-PASCO","DIRESA PASCO","SINOPHARM","16/07/2021","7000",
"PASCO","DIRESA-PASCO","RED DE SALUD OXAPAMPA - PASCO","SINOPHARM","15/03/2021","2",
"PASCO","DIRESA-PASCO","DIRESA PASCO","ASTRAZENECA","21/04/2021","13760",
"PASCO","DIRESA-PASCO","DIRESA PASCO","ASTRAZENECA","03/06/2021","23440",
"PASCO","DIRESA-PASCO","RED DE SALUD OXAPAMPA - PASCO","ASTRAZENECA","08/06/2021","11500",
"PASCO","DIRESA-PASCO","DIRESA PASCO","SINOPHARM","11/06/2021","43618",
"PASCO","DIRESA-PASCO","DIRESA PASCO","SINOPHARM","26/02/2021","995",
"PASCO","DIRESA-PASCO","DIRESA PASCO","SINOPHARM","13/03/2021","1817",
"PASCO","DIRESA-PASCO","RED DE SALUD OXAPAMPA - PASCO","SINOPHARM","11/03/2021","636",
"PIURA","DIRESA-PIURA","DIRESA PIURA I","SINOPHARM","10/02/2021","3561",
"PIURA","DIRESA-PIURA","DIRESA PIURA I","SINOPHARM","19/02/2021","5905",
"PIURA","DIRESA-PIURA","DIRESA PIURA I","SINOPHARM","25/02/2021","4279",
"PIURA","DIRESA-PIURA","DIRESA PIURA I","SINOPHARM","11/03/2021","6765",
"PIURA","DIRESA-PIURA","DIRESA PIURA I","PFIZER","19/07/2021","34950",
"PIURA","DIRESA-PIURA","DIRESA PIURA I","PFIZER","26/07/2021","35100",
"PIURA","DIRESA-PIURA","DIRESA PIURA I","PFIZER","30/07/2021","47970",
"PIURA","DIRESA-PIURA","DIRESA PIURA I","PFIZER","16/06/2021","53820",
"PIURA","DIRESA-PIURA","DIRESA PIURA I","PFIZER","21/06/2021","44460",
"PIURA","DIRESA-PIURA","DIRESA PIURA I","PFIZER","06/07/2021","74880",
"PIURA","DIRESA-PIURA","DIRESA PIURA I","PFIZER","12/07/2021","13200",
"PIURA","DIRESA-PIURA","DIRESA PIURA I","SINOPHARM","19/07/2021","59896",
"PIURA","DIRESA-PIURA","DIRESA PIURA I","PFIZER","17/05/2021","74880",
"PIURA","DIRESA-PIURA","DIRESA PIURA I","PFIZER","27/05/2021","64350",
"PIURA","DIRESA-PIURA","DIRESA PIURA I","SINOPHARM","09/06/2021","8424",
"PIURA","DIRESA-PIURA","DIRESA PIURA I","PFIZER","09/06/2021","87750",
"PIURA","DIRESA-PIURA","DIRESA PIURA I","SINOPHARM","07/04/2021","5400",
"PIURA","DIRESA-PIURA","DIRESA PIURA I","PFIZER","23/04/2021","9360",
"PIURA","DIRESA-PIURA","DIRESA PIURA I","PFIZER","30/04/2021","18720",
"PIURA","DIRESA-PIURA","DIRESA PIURA I","PFIZER","12/05/2021","23400",
"PUNO","DIRESA-PUNO","DIRESA PUNO","SINOPHARM","10/02/2021","4404",
"PUNO","DIRESA-PUNO","DIRESA PUNO","SINOPHARM","18/02/2021","6650",
"PUNO","DIRESA-PUNO","DIRESA PUNO","SINOPHARM","26/02/2021","5722",
"PUNO","DIRESA-PUNO","DIRESA PUNO","SINOPHARM","12/03/2021","8262",
"PUNO","DIRESA-PUNO","DIRESA PUNO","PFIZER","16/06/2021","2340",
"PUNO","DIRESA-PUNO","DIRESA PUNO","PFIZER","12/07/2021","2340",
"PUNO","DIRESA-PUNO","DIRESA PUNO","PFIZER","19/07/2021","10500",
"PUNO","DIRESA-PUNO","DIRESA PUNO","SINOPHARM","19/07/2021","45704",
"PUNO","DIRESA-PUNO","DIRESA PUNO","PFIZER","30/07/2021","10530",
"PUNO","DIRESA-PUNO","DIRESA PUNO","ASTRAZENECA","22/04/2021","55130",
"PUNO","DIRESA-PUNO","DIRESA PUNO","ASTRAZENECA","01/06/2021","103330",
"PUNO","DIRESA-PUNO","DIRESA PUNO","SINOPHARM","11/06/2021","6568",
"SAN_MARTIN","DIRESA-SAN MARTIN","DIRECCION REGIONAL DE SALUD SAN MARTIN","SINOPHARM","10/02/2021","3342",
"SAN_MARTIN","DIRESA-SAN MARTIN","DIRECCION REGIONAL DE SALUD SAN MARTIN","SINOPHARM","18/02/2021","4717",
"SAN_MARTIN","DIRESA-SAN MARTIN","DIRECCION REGIONAL DE SALUD SAN MARTIN","SINOPHARM","16/07/2021","38132",
"SAN_MARTIN","DIRESA-SAN MARTIN","DIRECCION REGIONAL DE SALUD SAN MARTIN","PFIZER","16/07/2021","15000",
"SAN_MARTIN","DIRESA-SAN MARTIN","DIRECCION REGIONAL DE SALUD SAN MARTIN","PFIZER","26/07/2021","16380",
"SAN_MARTIN","DIRESA-SAN MARTIN","DIRECCION REGIONAL DE SALUD SAN MARTIN","PFIZER","30/07/2021","36270",
"SAN_MARTIN","DIRESA-SAN MARTIN","DIRECCION REGIONAL DE SALUD SAN MARTIN","PFIZER","06/07/2021","22230",
"SAN_MARTIN","DIRESA-SAN MARTIN","DIRECCION REGIONAL DE SALUD SAN MARTIN","PFIZER","12/07/2021","21150",
"SAN_MARTIN","DIRESA-SAN MARTIN","DIRECCION REGIONAL DE SALUD SAN MARTIN","SINOPHARM","09/06/2021","59012",
"SAN_MARTIN","DIRESA-SAN MARTIN","DIRECCION REGIONAL DE SALUD SAN MARTIN","PFIZER","16/06/2021","8190",
"SAN_MARTIN","DIRESA-SAN MARTIN","DIRECCION REGIONAL DE SALUD SAN MARTIN","PFIZER","21/06/2021","2340",
"SAN_MARTIN","DIRESA-SAN MARTIN","DIRECCION REGIONAL DE SALUD SAN MARTIN","PFIZER","26/05/2021","22230",
"SAN_MARTIN","DIRESA-SAN MARTIN","DIRECCION REGIONAL DE SALUD SAN MARTIN","PFIZER","09/06/2021","29250",
"SAN_MARTIN","DIRESA-SAN MARTIN","DIRECCION REGIONAL DE SALUD SAN MARTIN","PFIZER","17/05/2021","17550",
"SAN_MARTIN","DIRESA-SAN MARTIN","DIRECCION REGIONAL DE SALUD SAN MARTIN","PFIZER","22/05/2021","8190",
"SAN_MARTIN","DIRESA-SAN MARTIN","DIRECCION REGIONAL DE SALUD SAN MARTIN","PFIZER","27/04/2021","3510",
"SAN_MARTIN","DIRESA-SAN MARTIN","DIRECCION REGIONAL DE SALUD SAN MARTIN","PFIZER","01/05/2021","4680",
"SAN_MARTIN","DIRESA-SAN MARTIN","DIRECCION REGIONAL DE SALUD SAN MARTIN","SINOPHARM","01/05/2021","288",
"SAN_MARTIN","DIRESA-SAN MARTIN","DIRECCION REGIONAL DE SALUD SAN MARTIN","PFIZER","12/05/2021","5850",
"SAN_MARTIN","DIRESA-SAN MARTIN","DIRECCION REGIONAL DE SALUD SAN MARTIN","PFIZER","16/03/2021","3510",
"SAN_MARTIN","DIRESA-SAN MARTIN","DIRECCION REGIONAL DE SALUD SAN MARTIN","PFIZER","24/03/2021","1170",
"SAN_MARTIN","DIRESA-SAN MARTIN","DIRECCION REGIONAL DE SALUD SAN MARTIN","PFIZER","09/04/2021","4680",
"SAN_MARTIN","DIRESA-SAN MARTIN","DIRECCION REGIONAL DE SALUD SAN MARTIN","SINOPHARM","12/03/2021","5929",
"SAN_MARTIN","DIRESA-SAN MARTIN","DIRECCION REGIONAL DE SALUD SAN MARTIN","SINOPHARM","26/02/2021","4394",
"PIURA","DIRESA-PIURA","DIRESA PIURA II - SULLANA","SINOPHARM","10/02/2021","1892",
"PIURA","DIRESA-PIURA","DIRESA PIURA II - SULLANA","SINOPHARM","19/02/2021","4250",
"PIURA","DIRESA-PIURA","DIRESA PIURA II - SULLANA","SINOPHARM","25/02/2021","2213",
"PIURA","DIRESA-PIURA","DIRESA PIURA II - SULLANA","SINOPHARM","11/03/2021","4647",
"PIURA","DIRESA-PIURA","DIRESA PIURA II - SULLANA","SINOPHARM","07/04/2021","3630",
"TACNA","DIRESA-TACNA","DIRESA TACNA","SINOPHARM","10/02/2021","1709",
"TACNA","DIRESA-TACNA","DIRESA TACNA","SINOPHARM","18/02/2021","3062",
"TACNA","DIRESA-TACNA","DIRESA TACNA","SINOPHARM","26/02/2021","2353",
"TACNA","DIRESA-TACNA","DIRESA TACNA","PFIZER","16/06/2021","1170",
"TACNA","DIRESA-TACNA","DIRESA TACNA","PFIZER","21/06/2021","1170",
"TACNA","DIRESA-TACNA","DIRESA TACNA","PFIZER","06/07/2021","52650",
"TACNA","DIRESA-TACNA","DIRESA TACNA","PFIZER","19/07/2021","11700",
"TACNA","DIRESA-TACNA","DIRESA TACNA","SINOPHARM","19/07/2021","31022",
"TACNA","DIRESA-TACNA","DIRESA TACNA","PFIZER","17/05/2021","21060",
"TACNA","DIRESA-TACNA","DIRESA TACNA","PFIZER","26/05/2021","22230",
"TACNA","DIRESA-TACNA","DIRESA TACNA","SINOPHARM","09/06/2021","3980",
"TACNA","DIRESA-TACNA","DIRESA TACNA","PFIZER","09/06/2021","83070",
"TACNA","DIRESA-TACNA","DIRESA TACNA","SINOPHARM","12/03/2021","3840",
"TACNA","DIRESA-TACNA","DIRESA TACNA","PFIZER","24/04/2021","1170",
"TACNA","DIRESA-TACNA","DIRESA TACNA","PFIZER","03/05/2021","4680",
"TACNA","DIRESA-TACNA","DIRESA TACNA","PFIZER","12/05/2021","9360",
"TUMBES","DIRESA-TUMBES","DIRESA TUMBES","SINOPHARM","17/07/2021","11380",
"TUMBES","DIRESA-TUMBES","DIRESA TUMBES","PFIZER","30/07/2021","9360",
"TUMBES","DIRESA-TUMBES","DIRESA TUMBES","ASTRAZENECA","04/06/2021","28530",
"TUMBES","DIRESA-TUMBES","DIRESA TUMBES","SINOPHARM","11/06/2021","1532",
"TUMBES","DIRESA-TUMBES","DIRESA TUMBES","PFIZER","16/06/2021","1170",
"TUMBES","DIRESA-TUMBES","DIRESA TUMBES","PFIZER","21/06/2021","1170",
"TUMBES","DIRESA-TUMBES","DIRESA TUMBES","PFIZER","12/07/2021","2340",
"TUMBES","DIRESA-TUMBES","DIRESA TUMBES","PFIZER","17/07/2021","9300",
"TUMBES","DIRESA-TUMBES","DIRESA TUMBES","SINOPHARM","26/02/2021","1690",
"TUMBES","DIRESA-TUMBES","DIRESA TUMBES","SINOPHARM","12/03/2021","2385",
"TUMBES","DIRESA-TUMBES","DIRESA TUMBES","ASTRAZENECA","23/04/2021","11530",
"TUMBES","DIRESA-TUMBES","DIRESA TUMBES","SINOPHARM","10/02/2021","1037",
"TUMBES","DIRESA-TUMBES","DIRESA TUMBES","SINOPHARM","17/02/2021","1646",
"UCAYALI","DIRESA-UCAYALI","DIRESA UCAYALI","PFIZER","30/07/2021","11700",
"UCAYALI","DIRESA-UCAYALI","DIRESA UCAYALI","ASTRAZENECA","20/04/2021","21990",
"UCAYALI","DIRESA-UCAYALI","DIRESA UCAYALI","ASTRAZENECA","04/06/2021","76390",
"UCAYALI","DIRESA-UCAYALI","DIRESA UCAYALI","SINOPHARM","11/06/2021","97302",
"UCAYALI","DIRESA-UCAYALI","DIRESA UCAYALI","PFIZER","16/06/2021","3510",
"UCAYALI","DIRESA-UCAYALI","DIRESA UCAYALI","PFIZER","21/06/2021","1170",
"UCAYALI","DIRESA-UCAYALI","DIRESA UCAYALI","PFIZER","17/07/2021","11700",
"UCAYALI","DIRESA-UCAYALI","DIRESA UCAYALI","SINOPHARM","25/02/2021","3242",
"UCAYALI","DIRESA-UCAYALI","DIRESA UCAYALI","SINOPHARM","12/03/2021","4924",
"UCAYALI","DIRESA-UCAYALI","DIRESA UCAYALI","SINOPHARM","10/02/2021","1835",
"UCAYALI","DIRESA-UCAYALI","DIRESA UCAYALI","SINOPHARM","18/02/2021","3403",
"LIMA_METROPOLITANA","DIRIS-LIMA CENTRO","INSTITUTO NACIONAL DE SALUD DEL NI헲 - BRE헤","SINOPHARM","08/02/2021","1882",
"LIMA_METROPOLITANA","DIRIS-LIMA CENTRO","INSTITUTO NACIONAL MATERNO PERINATAL","SINOPHARM","08/02/2021","1479",
"LIMA_METROPOLITANA","DIRIS-LIMA CENTRO","INSTITUTO NACIONAL DE SALUD DEL NI헲 - BRE헤","SINOPHARM","16/02/2021","1220",
"LIMA_METROPOLITANA","DIRIS-LIMA CENTRO","INSTITUTO NACIONAL MATERNO PERINATAL","SINOPHARM","16/02/2021","1011",
"LIMA_METROPOLITANA","DIRIS-LIMA CENTRO","INSTITUTO NACIONAL DE SALUD DEL NI헲 - BRE헤","SINOPHARM","19/02/2021","1882",
"LIMA_METROPOLITANA","DIRIS-LIMA CENTRO","INSTITUTO NACIONAL MATERNO PERINATAL","SINOPHARM","19/02/2021","1479",
"LIMA_METROPOLITANA","DIRIS-LIMA CENTRO","INSTITUTO NACIONAL MATERNO PERINATAL","SINOPHARM","08/06/2021","16",
"LIMA_METROPOLITANA","DIRIS-LIMA CENTRO","HOSPITAL ESPECIALIZADO EMERGENCIAS PEDIATRICAS","SINOPHARM","08/06/2021","152",
"LIMA_METROPOLITANA","DIRIS-LIMA CENTRO","INSTITUTO NACIONAL DE SALUD DEL NI헲 - BRE헤","SINOPHARM","08/06/2021","140",
"LIMA_METROPOLITANA","DIRIS-LIMA CENTRO","INSTITUTO NACIONAL DE SALUD DEL NI헲 - BRE헤","SINOPHARM","24/02/2021","4",
"LIMA_METROPOLITANA","DIRIS-LIMA CENTRO","INSTITUTO NACIONAL MATERNO PERINATAL","SINOPHARM","24/02/2021","17",
"LIMA_METROPOLITANA","DIRIS-LIMA CENTRO","INSTITUTO NACIONAL DE SALUD DEL NI헲 - BRE헤","SINOPHARM","03/03/2021","6",
"LIMA_METROPOLITANA","DIRIS-LIMA CENTRO","INSTITUTO NACIONAL MATERNO PERINATAL","SINOPHARM","03/03/2021","17",
"LIMA_METROPOLITANA","DIRIS-LIMA CENTRO","INSTITUTO NACIONAL DE SALUD DEL NI헲 - BRE헤","SINOPHARM","09/03/2021","1226",
"LIMA_METROPOLITANA","DIRIS-LIMA CENTRO","INSTITUTO NACIONAL MATERNO PERINATAL","SINOPHARM","09/03/2021","1011",
"LIMA_METROPOLITANA","DIRIS-LIMA CENTRO","HOSP NACIONAL ARZOBISPO LOAYZA","SINOPHARM","08/02/2021","2701",
"LIMA_METROPOLITANA","DIRIS-LIMA CENTRO","HOSPITAL NACIONAL DOS DE MAYO","SINOPHARM","08/02/2021","2282",
"LIMA_METROPOLITANA","DIRIS-LIMA CENTRO","DIRECCI흁 DE REDES INTEGRADAS DE SALUD LIMA CENTRO","SINOPHARM","08/02/2021","15869",
"LIMA_METROPOLITANA","DIRIS-LIMA CENTRO","HOSPITAL NACIONAL DOCENTE MADRE NI헲 SAN BARTOLOME","SINOPHARM","08/02/2021","1191",
"LIMA_METROPOLITANA","DIRIS-LIMA CENTRO","HOSP DE APOYO SANTA ROSA","SINOPHARM","08/02/2021","1103",
"LIMA_METROPOLITANA","DIRIS-LIMA CENTRO","DIRECCI흁 DE REDES INTEGRADAS DE SALUD LIMA CENTRO","PFIZER","28/07/2021","17550",
"LIMA_METROPOLITANA","DIRIS-LIMA CENTRO","DIRECCI흁 DE REDES INTEGRADAS DE SALUD LIMA CENTRO","PFIZER","15/07/2021","15000",
"LIMA_METROPOLITANA","DIRIS-LIMA CENTRO","DIRECCI흁 DE REDES INTEGRADAS DE SALUD LIMA CENTRO","PFIZER","16/07/2021","52650",
"LIMA_METROPOLITANA","MINISTERIO DEL INTERIOR","DIRECCI흁 DE SANIDAD POLICIAL (DIRSAPOL)","PFIZER","19/07/2021","4200",
"LIMA_METROPOLITANA","DIRIS-LIMA CENTRO","DIRECCI흁 DE REDES INTEGRADAS DE SALUD LIMA CENTRO","SINOPHARM","20/07/2021","3166",
"LIMA_METROPOLITANA","DIRIS-LIMA CENTRO","DIRECCI흁 DE REDES INTEGRADAS DE SALUD LIMA CENTRO","PFIZER","23/07/2021","106470",
"LIMA_METROPOLITANA","DIRIS-LIMA CENTRO","DIRECCI흁 DE REDES INTEGRADAS DE SALUD LIMA CENTRO","PFIZER","27/07/2021","35100",
"LIMA_METROPOLITANA","DIRIS-LIMA CENTRO","DIRECCI흁 DE REDES INTEGRADAS DE SALUD LIMA CENTRO","PFIZER","30/06/2021","193740",
"LIMA_METROPOLITANA","MINISTERIO DEL INTERIOR","DIRECCI흁 DE SANIDAD POLICIAL (DIRSAPOL)","PFIZER","07/07/2021","2340",
"LIMA_METROPOLITANA","DIRIS-LIMA CENTRO","DIRECCI흁 DE REDES INTEGRADAS DE SALUD LIMA CENTRO","PFIZER","09/07/2021","86100",
"LIMA_METROPOLITANA","MINISTERIO DEL INTERIOR","DIRECCI흁 DE SANIDAD POLICIAL (DIRSAPOL)","PFIZER","10/07/2021","8190",
"LIMA_METROPOLITANA","DIRIS-LIMA CENTRO","DIRECCI흁 DE REDES INTEGRADAS DE SALUD LIMA CENTRO","SINOPHARM","13/07/2021","4000",
"LIMA_METROPOLITANA","MINISTERIO DEL INTERIOR","DIRECCI흁 DE SANIDAD POLICIAL (DIRSAPOL)","PFIZER","18/06/2021","17550",
"LIMA_METROPOLITANA","DIRIS-LIMA CENTRO","DIRECCI흁 DE REDES INTEGRADAS DE SALUD LIMA CENTRO","PFIZER","18/06/2021","28080",
"LIMA_METROPOLITANA","DIRIS-LIMA CENTRO","DIRECCI흁 DE REDES INTEGRADAS DE SALUD LIMA CENTRO","PFIZER","25/06/2021","33930",
"LIMA_METROPOLITANA","DIRIS-LIMA CENTRO","DIRECCI흁 DE REDES INTEGRADAS DE SALUD LIMA CENTRO","PFIZER","28/06/2021","31590",
"LIMA_METROPOLITANA","DIRIS-LIMA CENTRO","HOSP NACIONAL ARZOBISPO LOAYZA","SINOPHARM","08/06/2021","626",
"LIMA_METROPOLITANA","DIRIS-LIMA CENTRO","HOSPITAL DE SAN JUAN DE LURIGANCHO","SINOPHARM","08/06/2021","128",
"LIMA_METROPOLITANA","DIRIS-LIMA CENTRO","HOSPITAL NACIONAL DOCENTE MADRE NI헲 SAN BARTOLOME","SINOPHARM","08/06/2021","310",
"LIMA_METROPOLITANA","DIRIS-LIMA CENTRO","HOSP DE APOYO SANTA ROSA","SINOPHARM","08/06/2021","180",
"LIMA_METROPOLITANA","DIRIS-LIMA CENTRO","DIRECCI흁 DE REDES INTEGRADAS DE SALUD LIMA CENTRO","PFIZER","15/06/2021","14040",
"LIMA_METROPOLITANA","DIRIS-LIMA CENTRO","DIRECCI흁 DE REDES INTEGRADAS DE SALUD LIMA CENTRO","PFIZER","27/05/2021","44904",
"LIMA_METROPOLITANA","DIRIS-LIMA CENTRO","DIRECCI흁 DE REDES INTEGRADAS DE SALUD LIMA CENTRO","PFIZER","31/05/2021","45978",
"LIMA_METROPOLITANA","DIRIS-LIMA CENTRO","DIRECCI흁 DE REDES INTEGRADAS DE SALUD LIMA CENTRO","PFIZER","04/06/2021","32760",
"LIMA_METROPOLITANA","DIRIS-LIMA CENTRO","DIRECCI흁 DE REDES INTEGRADAS DE SALUD LIMA CENTRO","PFIZER","07/06/2021","57330",
"LIMA_METROPOLITANA","DIRIS-LIMA CENTRO","DIRECCI흁 DE REDES INTEGRADAS DE SALUD LIMA CENTRO","SINOPHARM","08/06/2021","27564",
"LIMA_METROPOLITANA","MINISTERIO DEL INTERIOR","DIRECCI흁 DE SANIDAD POLICIAL (DIRSAPOL)","PFIZER","07/05/2021","29250",
"LIMA_METROPOLITANA","MINISTERIO DEL INTERIOR","DIRECCI흁 DE SANIDAD POLICIAL (DIRSAPOL)","PFIZER","09/05/2021","40950",
"LIMA_METROPOLITANA","DIRIS-LIMA CENTRO","DIRECCI흁 DE REDES INTEGRADAS DE SALUD LIMA CENTRO","PFIZER","15/05/2021","4680",
"LIMA_METROPOLITANA","DIRIS-LIMA CENTRO","DIRECCI흁 DE REDES INTEGRADAS DE SALUD LIMA CENTRO","PFIZER","18/05/2021","80730",
"LIMA_METROPOLITANA","MINISTERIO DEL INTERIOR","DIRECCI흁 DE SANIDAD POLICIAL (DIRSAPOL)","PFIZER","30/04/2021","7020",
"LIMA_METROPOLITANA","DIRIS-LIMA CENTRO","DIRECCI흁 DE REDES INTEGRADAS DE SALUD LIMA CENTRO","PFIZER","30/04/2021","11700",
"LIMA_METROPOLITANA","DIRIS-LIMA CENTRO","DIRECCI흁 DE REDES INTEGRADAS DE SALUD LIMA CENTRO","PFIZER","07/05/2021","81900",
"LIMA_METROPOLITANA","MINISTERIO DEL INTERIOR","DIRECCI흁 DE SANIDAD POLICIAL (DIRSAPOL)","PFIZER","08/04/2021","49140",
"LIMA_METROPOLITANA","DIRIS-LIMA CENTRO","DIRECCI흁 DE REDES INTEGRADAS DE SALUD LIMA CENTRO","PFIZER","08/04/2021","8190",
"LIMA_METROPOLITANA","MINISTERIO DEL INTERIOR","DIRECCI흁 DE SANIDAD POLICIAL (DIRSAPOL)","PFIZER","14/04/2021","15180",
"LIMA_METROPOLITANA","DIRIS-LIMA CENTRO","DIRECCI흁 DE REDES INTEGRADAS DE SALUD LIMA CENTRO","PFIZER","15/04/2021","56664",
"LIMA_METROPOLITANA","MINISTERIO DEL INTERIOR","DIRECCI흁 DE SANIDAD POLICIAL (DIRSAPOL)","PFIZER","15/04/2021","14040",
"LIMA_METROPOLITANA","DIRIS-LIMA CENTRO","DIRECCI흁 DE REDES INTEGRADAS DE SALUD LIMA CENTRO","PFIZER","27/03/2021","1170",
"LIMA_METROPOLITANA","DIRIS-LIMA CENTRO","DIRECCI흁 DE REDES INTEGRADAS DE SALUD LIMA CENTRO","PFIZER","29/03/2021","3510",
"LIMA_METROPOLITANA","DIRIS-LIMA CENTRO","DIRECCI흁 DE REDES INTEGRADAS DE SALUD LIMA CENTRO","SINOPHARM","31/03/2021","7394",
"LIMA_METROPOLITANA","DIRIS-LIMA CENTRO","DIRECCI흁 DE REDES INTEGRADAS DE SALUD LIMA CENTRO","PFIZER","03/04/2021","1746",
"LIMA_METROPOLITANA","MINISTERIO DEL INTERIOR","DIRECCI흁 DE SANIDAD POLICIAL (DIRSAPOL)","PFIZER","05/04/2021","9360",
"LIMA_METROPOLITANA","DIRIS-LIMA CENTRO","DIRECCI흁 DE REDES INTEGRADAS DE SALUD LIMA CENTRO","SINOPHARM","21/03/2021","4968",
"LIMA_METROPOLITANA","DIRIS-LIMA CENTRO","DIRECCI흁 DE REDES INTEGRADAS DE SALUD LIMA CENTRO","PFIZER","21/03/2021","8190",
"LIMA_METROPOLITANA","MINISTERIO DEL INTERIOR","DIRECCI흁 DE SANIDAD POLICIAL (DIRSAPOL)","PFIZER","22/03/2021","11700",
"LIMA_METROPOLITANA","DIRIS-LIMA CENTRO","DIRECCI흁 DE REDES INTEGRADAS DE SALUD LIMA CENTRO","SINOPHARM","23/03/2021","200",
"LIMA_METROPOLITANA","DIRIS-LIMA CENTRO","DIRECCI흁 DE REDES INTEGRADAS DE SALUD LIMA CENTRO","SINOPHARM","25/03/2021","8484",
"LIMA_METROPOLITANA","MINISTERIO DEL INTERIOR","DIRECCI흁 DE SANIDAD POLICIAL (DIRSAPOL)","PFIZER","27/03/2021","17550",
"LIMA_METROPOLITANA","DIRIS-LIMA CENTRO","DIRECCI흁 DE REDES INTEGRADAS DE SALUD LIMA CENTRO","SINOPHARM","10/03/2021","56698",
"LIMA_METROPOLITANA","MINISTERIO DEL INTERIOR","DIRECCI흁 DE SANIDAD POLICIAL (DIRSAPOL)","PFIZER","15/03/2021","46800",
"LIMA_METROPOLITANA","DIRIS-LIMA CENTRO","DIRECCI흁 DE REDES INTEGRADAS DE SALUD LIMA CENTRO","PFIZER","15/03/2021","1746",
"LIMA_METROPOLITANA","DIRIS-LIMA CENTRO","DIRECCI흁 DE REDES INTEGRADAS DE SALUD LIMA CENTRO","PFIZER","08/03/2021","1170",
"LIMA_METROPOLITANA","MINISTERIO DEL INTERIOR","DIRECCI흁 DE SANIDAD POLICIAL (DIRSAPOL)","PFIZER","08/03/2021","17550",
"LIMA_METROPOLITANA","DIRIS-LIMA CENTRO","HOSPITAL NACIONAL DOS DE MAYO","SINOPHARM","09/03/2021","1118",
"LIMA_METROPOLITANA","DIRIS-LIMA CENTRO","HOSP NACIONAL ARZOBISPO LOAYZA","SINOPHARM","09/03/2021","1585",
"LIMA_METROPOLITANA","DIRIS-LIMA CENTRO","HOSP DE APOYO SANTA ROSA","SINOPHARM","09/03/2021","877",
"LIMA_METROPOLITANA","DIRIS-LIMA CENTRO","HOSPITAL NACIONAL DOCENTE MADRE NI헲 SAN BARTOLOME","SINOPHARM","09/03/2021","425",
"LIMA_METROPOLITANA","DIRIS-LIMA CENTRO","HOSP DE APOYO SANTA ROSA","SINOPHARM","03/03/2021","214",
"LIMA_METROPOLITANA","DIRIS-LIMA CENTRO","HOSP NACIONAL ARZOBISPO LOAYZA","SINOPHARM","03/03/2021","199",
"LIMA_METROPOLITANA","DIRIS-LIMA CENTRO","HOSPITAL NACIONAL DOCENTE MADRE NI헲 SAN BARTOLOME","SINOPHARM","03/03/2021","290",
"LIMA_METROPOLITANA","DIRIS-LIMA CENTRO","HOSPITAL NACIONAL DOS DE MAYO","SINOPHARM","03/03/2021","331",
"LIMA_METROPOLITANA","DIRIS-LIMA CENTRO","DIRECCI흁 DE REDES INTEGRADAS DE SALUD LIMA CENTRO","SINOPHARM","04/03/2021","3108",
"LIMA_METROPOLITANA","DIRIS-LIMA CENTRO","HOSP NACIONAL ARZOBISPO LOAYZA","SINOPHARM","24/02/2021","171",
"LIMA_METROPOLITANA","DIRIS-LIMA CENTRO","HOSPITAL NACIONAL DOCENTE MADRE NI헲 SAN BARTOLOME","SINOPHARM","24/02/2021","279",
"LIMA_METROPOLITANA","DIRIS-LIMA CENTRO","HOSP DE APOYO SANTA ROSA","SINOPHARM","24/02/2021","136",
"LIMA_METROPOLITANA","DIRIS-LIMA CENTRO","DIRECCI흁 DE REDES INTEGRADAS DE SALUD LIMA CENTRO","SINOPHARM","24/02/2021","1562",
"LIMA_METROPOLITANA","MINISTERIO DEL INTERIOR","HOSPITAL MILITAR CENTRAL LUIS ARIAS SCHEREIBER","SINOPHARM","01/03/2021","8",
"LIMA_METROPOLITANA","DIRIS-LIMA CENTRO","DIRECCI흁 DE REDES INTEGRADAS DE SALUD LIMA CENTRO","SINOPHARM","03/03/2021","8618",
"LIMA_METROPOLITANA","DIRIS-LIMA CENTRO","HOSPITAL NACIONAL DOS DE MAYO","SINOPHARM","19/02/2021","2282",
"LIMA_METROPOLITANA","DIRIS-LIMA CENTRO","HOSPITAL NACIONAL DOCENTE MADRE NI헲 SAN BARTOLOME","SINOPHARM","19/02/2021","1191",
"LIMA_METROPOLITANA","DIRIS-LIMA CENTRO","HOSP NACIONAL ARZOBISPO LOAYZA","SINOPHARM","19/02/2021","2701",
"LIMA_METROPOLITANA","DIRIS-LIMA CENTRO","HOSP DE APOYO SANTA ROSA","SINOPHARM","19/02/2021","1103",
"LIMA_METROPOLITANA","DIRIS-LIMA CENTRO","DIRECCI흁 DE REDES INTEGRADAS DE SALUD LIMA CENTRO","SINOPHARM","19/02/2021","15869",
"LIMA_METROPOLITANA","DIRIS-LIMA CENTRO","HOSPITAL NACIONAL DOS DE MAYO","SINOPHARM","24/02/2021","312",
"LIMA_METROPOLITANA","MINISTERIO DEL INTERIOR","HOSPITAL MILITAR CENTRAL LUIS ARIAS SCHEREIBER","SINOPHARM","09/02/2021","8",
"LIMA_METROPOLITANA","DIRIS-LIMA CENTRO","HOSP NACIONAL ARZOBISPO LOAYZA","SINOPHARM","16/02/2021","1557",
"LIMA_METROPOLITANA","DIRIS-LIMA CENTRO","HOSPITAL NACIONAL DOCENTE MADRE NI헲 SAN BARTOLOME","SINOPHARM","16/02/2021","414",
"LIMA_METROPOLITANA","DIRIS-LIMA CENTRO","HOSPITAL NACIONAL DOS DE MAYO","SINOPHARM","16/02/2021","1099",
"LIMA_METROPOLITANA","DIRIS-LIMA CENTRO","HOSP DE APOYO SANTA ROSA","SINOPHARM","16/02/2021","763",
"LIMA_METROPOLITANA","DIRIS-LIMA CENTRO","DIRECCI흁 DE REDES INTEGRADAS DE SALUD LIMA CENTRO","SINOPHARM","17/02/2021","43638",
"LIMA_METROPOLITANA","DIRIS-LIMA ESTE","DIRECCI흁 DE REDES INTEGRADAS DE SALUD LIMA ESTE","SINOPHARM","08/02/2021","4323",
"LIMA_METROPOLITANA","DIRIS-LIMA ESTE","HOSP NACIONAL HIPOLITO UNANUE","SINOPHARM","08/02/2021","2373",
"LIMA_METROPOLITANA","DIRIS-LIMA ESTE","HOSP NACIONAL HIPOLITO UNANUE","SINOPHARM","16/02/2021","797",
"LIMA_METROPOLITANA","DIRIS-LIMA ESTE","DIRECCI흁 DE REDES INTEGRADAS DE SALUD LIMA ESTE","SINOPHARM","17/02/2021","8114",
"LIMA_METROPOLITANA","DIRIS-LIMA ESTE","HOSP NACIONAL HIPOLITO UNANUE","SINOPHARM","19/02/2021","2373",
"LIMA_METROPOLITANA","DIRIS-LIMA ESTE","DIRECCI흁 DE REDES INTEGRADAS DE SALUD LIMA ESTE","SINOPHARM","22/07/2021","1132",
"LIMA_METROPOLITANA","DIRIS-LIMA ESTE","DIRECCI흁 DE REDES INTEGRADAS DE SALUD LIMA ESTE","PFIZER","23/07/2021","57330",
"LIMA_METROPOLITANA","DIRIS-LIMA ESTE","DIRECCI흁 DE REDES INTEGRADAS DE SALUD LIMA ESTE","PFIZER","27/07/2021","21060",
"LIMA_METROPOLITANA","DIRIS-LIMA ESTE","DIRECCI흁 DE REDES INTEGRADAS DE SALUD LIMA ESTE","PFIZER","28/07/2021","11700",
"LIMA_METROPOLITANA","DIRIS-LIMA ESTE","DIRECCI흁 DE REDES INTEGRADAS DE SALUD LIMA ESTE","PFIZER","30/06/2021","98490",
"LIMA_METROPOLITANA","DIRIS-LIMA ESTE","DIRECCI흁 DE REDES INTEGRADAS DE SALUD LIMA ESTE","PFIZER","09/07/2021","49500",
"LIMA_METROPOLITANA","DIRIS-LIMA ESTE","DIRECCI흁 DE REDES INTEGRADAS DE SALUD LIMA ESTE","PFIZER","15/07/2021","10500",
"LIMA_METROPOLITANA","DIRIS-LIMA ESTE","DIRECCI흁 DE REDES INTEGRADAS DE SALUD LIMA ESTE","PFIZER","16/07/2021","35100",
"LIMA_METROPOLITANA","DIRIS-LIMA ESTE","DIRECCI흁 DE REDES INTEGRADAS DE SALUD LIMA ESTE","PFIZER","22/07/2021","3510",
"LIMA_METROPOLITANA","DIRIS-LIMA ESTE","DIRECCI흁 DE REDES INTEGRADAS DE SALUD LIMA ESTE","PFIZER","18/06/2021","3510",
"LIMA_METROPOLITANA","DIRIS-LIMA ESTE","DIRECCI흁 DE REDES INTEGRADAS DE SALUD LIMA ESTE","PFIZER","21/06/2021","8190",
"LIMA_METROPOLITANA","DIRIS-LIMA ESTE","DIRECCI흁 DE REDES INTEGRADAS DE SALUD LIMA ESTE","PFIZER","23/06/2021","2340",
"LIMA_METROPOLITANA","DIRIS-LIMA ESTE","DIRECCI흁 DE REDES INTEGRADAS DE SALUD LIMA ESTE","PFIZER","24/06/2021","3510",
"LIMA_METROPOLITANA","DIRIS-LIMA ESTE","DIRECCI흁 DE REDES INTEGRADAS DE SALUD LIMA ESTE","PFIZER","25/06/2021","12870",
"LIMA_METROPOLITANA","DIRIS-LIMA ESTE","DIRECCI흁 DE REDES INTEGRADAS DE SALUD LIMA ESTE","PFIZER","28/06/2021","22230",
"LIMA_METROPOLITANA","DIRIS-LIMA ESTE","DIRECCI흁 DE REDES INTEGRADAS DE SALUD LIMA ESTE","PFIZER","07/06/2021","19890",
"LIMA_METROPOLITANA","DIRIS-LIMA ESTE","DIRECCI흁 DE REDES INTEGRADAS DE SALUD LIMA ESTE","SINOPHARM","08/06/2021","1906",
"LIMA_METROPOLITANA","DIRIS-LIMA ESTE","HOSP NACIONAL HIPOLITO UNANUE","SINOPHARM","08/06/2021","100",
"LIMA_METROPOLITANA","DIRIS-LIMA ESTE","DIRECCI흁 DE REDES INTEGRADAS DE SALUD LIMA ESTE","PFIZER","15/06/2021","9360",
"LIMA_METROPOLITANA","DIRIS-LIMA ESTE","DIRECCI흁 DE REDES INTEGRADAS DE SALUD LIMA ESTE","PFIZER","17/06/2021","8190",
"LIMA_METROPOLITANA","DIRIS-LIMA ESTE","DIRECCI흁 DE REDES INTEGRADAS DE SALUD LIMA ESTE","SINOPHARM","18/06/2021","322",
"LIMA_METROPOLITANA","DIRIS-LIMA ESTE","DIRECCI흁 DE REDES INTEGRADAS DE SALUD LIMA ESTE","PFIZER","07/05/2021","31590",
"LIMA_METROPOLITANA","DIRIS-LIMA ESTE","DIRECCI흁 DE REDES INTEGRADAS DE SALUD LIMA ESTE","PFIZER","15/05/2021","4680",
"LIMA_METROPOLITANA","DIRIS-LIMA ESTE","DIRECCI흁 DE REDES INTEGRADAS DE SALUD LIMA ESTE","PFIZER","18/05/2021","56160",
"LIMA_METROPOLITANA","DIRIS-LIMA ESTE","DIRECCI흁 DE REDES INTEGRADAS DE SALUD LIMA ESTE","PFIZER","27/05/2021","21210",
"LIMA_METROPOLITANA","DIRIS-LIMA ESTE","DIRECCI흁 DE REDES INTEGRADAS DE SALUD LIMA ESTE","PFIZER","31/05/2021","17976",
"LIMA_METROPOLITANA","DIRIS-LIMA ESTE","DIRECCI흁 DE REDES INTEGRADAS DE SALUD LIMA ESTE","PFIZER","04/06/2021","5850",
"LIMA_METROPOLITANA","DIRIS-LIMA ESTE","DIRECCI흁 DE REDES INTEGRADAS DE SALUD LIMA ESTE","PFIZER","15/04/2021","21972",
"LIMA_METROPOLITANA","DIRIS-LIMA ESTE","DIRECCI흁 DE REDES INTEGRADAS DE SALUD LIMA ESTE","PFIZER","22/04/2021","7020",
"LIMA_METROPOLITANA","DIRIS-LIMA ESTE","DIRECCI흁 DE REDES INTEGRADAS DE SALUD LIMA ESTE","PFIZER","29/04/2021","3510",
"LIMA_METROPOLITANA","DIRIS-LIMA ESTE","DIRECCI흁 DE REDES INTEGRADAS DE SALUD LIMA ESTE","PFIZER","30/04/2021","9588",
"LIMA_METROPOLITANA","DIRIS-LIMA ESTE","DIRECCI흁 DE REDES INTEGRADAS DE SALUD LIMA ESTE","SINOPHARM","05/03/2021","1",
"LIMA_METROPOLITANA","DIRIS-LIMA ESTE","HOSP NACIONAL HIPOLITO UNANUE","SINOPHARM","09/03/2021","890",
"LIMA_METROPOLITANA","DIRIS-LIMA ESTE","DIRECCI흁 DE REDES INTEGRADAS DE SALUD LIMA ESTE","SINOPHARM","10/03/2021","11453",
"LIMA_METROPOLITANA","DIRIS-LIMA ESTE","DIRECCI흁 DE REDES INTEGRADAS DE SALUD LIMA ESTE","PFIZER","15/03/2021","594",
"LIMA_METROPOLITANA","DIRIS-LIMA ESTE","DIRECCI흁 DE REDES INTEGRADAS DE SALUD LIMA ESTE","SINOPHARM","25/03/2021","12306",
"LIMA_METROPOLITANA","DIRIS-LIMA ESTE","DIRECCI흁 DE REDES INTEGRADAS DE SALUD LIMA ESTE","PFIZER","03/04/2021","594",
"LIMA_METROPOLITANA","DIRIS-LIMA ESTE","DIRECCI흁 DE REDES INTEGRADAS DE SALUD LIMA ESTE","SINOPHARM","19/02/2021","4323",
"LIMA_METROPOLITANA","DIRIS-LIMA ESTE","HOSP NACIONAL HIPOLITO UNANUE","SINOPHARM","24/02/2021","383",
"LIMA_METROPOLITANA","DIRIS-LIMA ESTE","DIRECCI흁 DE REDES INTEGRADAS DE SALUD LIMA ESTE","SINOPHARM","24/02/2021","532",
"LIMA_METROPOLITANA","DIRIS-LIMA ESTE","DIRECCI흁 DE REDES INTEGRADAS DE SALUD LIMA ESTE","SINOPHARM","03/03/2021","2693",
"LIMA_METROPOLITANA","DIRIS-LIMA ESTE","HOSP NACIONAL HIPOLITO UNANUE","SINOPHARM","03/03/2021","474",
"LIMA_METROPOLITANA","DIRIS-LIMA ESTE","DIRECCI흁 DE REDES INTEGRADAS DE SALUD LIMA ESTE","SINOPHARM","04/03/2021","113",
"LIMA_METROPOLITANA","DIRIS-LIMA NORTE","DIRECCI흁 DE REDES INTEGRADAS DE SALUD LIMA NORTE","SINOPHARM","08/02/2021","4700",
"LIMA_METROPOLITANA","DIRIS-LIMA NORTE","HOSP PUENTE PIEDRA-CARLOS LANFRANCO LA HOZ","SINOPHARM","08/02/2021","804",
"LIMA_METROPOLITANA","DIRIS-LIMA NORTE","HOSP NACIONAL SERGIO E. BERNALES","SINOPHARM","08/02/2021","1109",
"LIMA_METROPOLITANA","DIRIS-LIMA NORTE","HOSP PUENTE PIEDRA-CARLOS LANFRANCO LA HOZ","SINOPHARM","16/02/2021","582",
"LIMA_METROPOLITANA","DIRIS-LIMA NORTE","HOSP NACIONAL SERGIO E. BERNALES","SINOPHARM","16/02/2021","646",
"LIMA_METROPOLITANA","DIRIS-LIMA NORTE","DIRECCI흁 DE REDES INTEGRADAS DE SALUD LIMA NORTE","PFIZER","25/07/2021","17550",
"LIMA_METROPOLITANA","DIRIS-LIMA NORTE","DIRECCI흁 DE REDES INTEGRADAS DE SALUD LIMA NORTE","PFIZER","27/07/2021","44460",
"LIMA_METROPOLITANA","DIRIS-LIMA NORTE","DIRECCI흁 DE REDES INTEGRADAS DE SALUD LIMA NORTE","PFIZER","28/07/2021","19890",
"LIMA_METROPOLITANA","DIRIS-LIMA NORTE","DIRECCI흁 DE REDES INTEGRADAS DE SALUD LIMA NORTE","PFIZER","15/07/2021","19500",
"LIMA_METROPOLITANA","DIRIS-LIMA NORTE","DIRECCI흁 DE REDES INTEGRADAS DE SALUD LIMA NORTE","PFIZER","16/07/2021","53820",
"LIMA_METROPOLITANA","DIRIS-LIMA NORTE","DIRECCI흁 DE REDES INTEGRADAS DE SALUD LIMA NORTE","SINOPHARM","20/07/2021","7910",
"LIMA_METROPOLITANA","DIRIS-LIMA NORTE","DIRECCI흁 DE REDES INTEGRADAS DE SALUD LIMA NORTE","PFIZER","22/07/2021","3510",
"LIMA_METROPOLITANA","DIRIS-LIMA NORTE","DIRECCI흁 DE REDES INTEGRADAS DE SALUD LIMA NORTE","PFIZER","23/07/2021","108810",
"LIMA_METROPOLITANA","DIRIS-LIMA NORTE","DIRECCI흁 DE REDES INTEGRADAS DE SALUD LIMA NORTE","PFIZER","25/06/2021","29250",
"LIMA_METROPOLITANA","DIRIS-LIMA NORTE","DIRECCI흁 DE REDES INTEGRADAS DE SALUD LIMA NORTE","PFIZER","28/06/2021","38610",
"LIMA_METROPOLITANA","DIRIS-LIMA NORTE","DIRECCI흁 DE REDES INTEGRADAS DE SALUD LIMA NORTE","PFIZER","30/06/2021","214260",
"LIMA_METROPOLITANA","DIRIS-LIMA NORTE","DIRECCI흁 DE REDES INTEGRADAS DE SALUD LIMA NORTE","PFIZER","09/07/2021","99900",
"LIMA_METROPOLITANA","DIRIS-LIMA NORTE","DIRECCI흁 DE REDES INTEGRADAS DE SALUD LIMA NORTE","PFIZER","15/06/2021","11700",
"LIMA_METROPOLITANA","DIRIS-LIMA NORTE","DIRECCI흁 DE REDES INTEGRADAS DE SALUD LIMA NORTE","PFIZER","18/06/2021","16380",
"LIMA_METROPOLITANA","DIRIS-LIMA NORTE","DIRECCI흁 DE REDES INTEGRADAS DE SALUD LIMA NORTE","PFIZER","21/06/2021","14040",
"LIMA_METROPOLITANA","DIRIS-LIMA NORTE","DIRECCI흁 DE REDES INTEGRADAS DE SALUD LIMA NORTE","PFIZER","23/06/2021","2340",
"LIMA_METROPOLITANA","DIRIS-LIMA NORTE","DIRECCI흁 DE REDES INTEGRADAS DE SALUD LIMA NORTE","PFIZER","24/06/2021","7020",
"LIMA_METROPOLITANA","DIRIS-LIMA NORTE","DIRECCI흁 DE REDES INTEGRADAS DE SALUD LIMA NORTE","PFIZER","04/06/2021","28080",
"LIMA_METROPOLITANA","DIRIS-LIMA NORTE","DIRECCI흁 DE REDES INTEGRADAS DE SALUD LIMA NORTE","PFIZER","07/06/2021","56160",
"LIMA_METROPOLITANA","DIRIS-LIMA NORTE","HOSP PUENTE PIEDRA-CARLOS LANFRANCO LA HOZ","SINOPHARM","08/06/2021","168",
"LIMA_METROPOLITANA","DIRIS-LIMA NORTE","HOSP NACIONAL SERGIO E. BERNALES","SINOPHARM","08/06/2021","294",
"LIMA_METROPOLITANA","DIRIS-LIMA NORTE","DIRECCI흁 DE REDES INTEGRADAS DE SALUD LIMA NORTE","SINOPHARM","08/06/2021","5496",
"LIMA_METROPOLITANA","DIRIS-LIMA NORTE","DIRECCI흁 DE REDES INTEGRADAS DE SALUD LIMA NORTE","PFIZER","07/05/2021","47970",
"LIMA_METROPOLITANA","DIRIS-LIMA NORTE","DIRECCI흁 DE REDES INTEGRADAS DE SALUD LIMA NORTE","PFIZER","15/05/2021","4680",
"LIMA_METROPOLITANA","DIRIS-LIMA NORTE","DIRECCI흁 DE REDES INTEGRADAS DE SALUD LIMA NORTE","PFIZER","18/05/2021","81900",
"LIMA_METROPOLITANA","DIRIS-LIMA NORTE","DIRECCI흁 DE REDES INTEGRADAS DE SALUD LIMA NORTE","PFIZER","27/05/2021","42978",
"LIMA_METROPOLITANA","DIRIS-LIMA NORTE","DIRECCI흁 DE REDES INTEGRADAS DE SALUD LIMA NORTE","PFIZER","31/05/2021","43224",
"LIMA_METROPOLITANA","DIRIS-LIMA NORTE","DIRECCI흁 DE REDES INTEGRADAS DE SALUD LIMA NORTE","PFIZER","05/04/2021","318",
"LIMA_METROPOLITANA","DIRIS-LIMA NORTE","DIRECCI흁 DE REDES INTEGRADAS DE SALUD LIMA NORTE","PFIZER","08/04/2021","11700",
"LIMA_METROPOLITANA","DIRIS-LIMA NORTE","DIRECCI흁 DE REDES INTEGRADAS DE SALUD LIMA NORTE","PFIZER","14/04/2021","1170",
"LIMA_METROPOLITANA","DIRIS-LIMA NORTE","DIRECCI흁 DE REDES INTEGRADAS DE SALUD LIMA NORTE","PFIZER","15/04/2021","14166",
"LIMA_METROPOLITANA","DIRIS-LIMA NORTE","DIRECCI흁 DE REDES INTEGRADAS DE SALUD LIMA NORTE","PFIZER","22/04/2021","22230",
"LIMA_METROPOLITANA","DIRIS-LIMA NORTE","DIRECCI흁 DE REDES INTEGRADAS DE SALUD LIMA NORTE","PFIZER","29/04/2021","14040",
"LIMA_METROPOLITANA","DIRIS-LIMA NORTE","HOSP NACIONAL SERGIO E. BERNALES","SINOPHARM","09/03/2021","697",
"LIMA_METROPOLITANA","DIRIS-LIMA NORTE","HOSP PUENTE PIEDRA-CARLOS LANFRANCO LA HOZ","SINOPHARM","09/03/2021","639",
"LIMA_METROPOLITANA","DIRIS-LIMA NORTE","DIRECCI흁 DE REDES INTEGRADAS DE SALUD LIMA NORTE","SINOPHARM","10/03/2021","17874",
"LIMA_METROPOLITANA","DIRIS-LIMA NORTE","DIRECCI흁 DE REDES INTEGRADAS DE SALUD LIMA NORTE","PFIZER","15/03/2021","318",
"LIMA_METROPOLITANA","DIRIS-LIMA NORTE","DIRECCI흁 DE REDES INTEGRADAS DE SALUD LIMA NORTE","PFIZER","22/03/2021","11700",
"LIMA_METROPOLITANA","DIRIS-LIMA NORTE","DIRECCI흁 DE REDES INTEGRADAS DE SALUD LIMA NORTE","PFIZER","27/03/2021","1170",
"LIMA_METROPOLITANA","DIRIS-LIMA NORTE","HOSP PUENTE PIEDRA-CARLOS LANFRANCO LA HOZ","SINOPHARM","24/02/2021","49",
"LIMA_METROPOLITANA","DIRIS-LIMA NORTE","DIRECCI흁 DE REDES INTEGRADAS DE SALUD LIMA NORTE","SINOPHARM","03/03/2021","3062",
"LIMA_METROPOLITANA","DIRIS-LIMA NORTE","HOSP NACIONAL SERGIO E. BERNALES","SINOPHARM","03/03/2021","303",
"LIMA_METROPOLITANA","DIRIS-LIMA NORTE","HOSP PUENTE PIEDRA-CARLOS LANFRANCO LA HOZ","SINOPHARM","03/03/2021","106",
"LIMA_METROPOLITANA","DIRIS-LIMA NORTE","DIRECCI흁 DE REDES INTEGRADAS DE SALUD LIMA NORTE","SINOPHARM","04/03/2021","3213",
"LIMA_METROPOLITANA","DIRIS-LIMA NORTE","DIRECCI흁 DE REDES INTEGRADAS DE SALUD LIMA NORTE","PFIZER","08/03/2021","1170",
"LIMA_METROPOLITANA","DIRIS-LIMA NORTE","DIRECCI흁 DE REDES INTEGRADAS DE SALUD LIMA NORTE","SINOPHARM","17/02/2021","10881",
"LIMA_METROPOLITANA","DIRIS-LIMA NORTE","DIRECCI흁 DE REDES INTEGRADAS DE SALUD LIMA NORTE","SINOPHARM","19/02/2021","4700",
"LIMA_METROPOLITANA","DIRIS-LIMA NORTE","HOSP NACIONAL SERGIO E. BERNALES","SINOPHARM","19/02/2021","1109",
"LIMA_METROPOLITANA","DIRIS-LIMA NORTE","HOSP PUENTE PIEDRA-CARLOS LANFRANCO LA HOZ","SINOPHARM","19/02/2021","804",
"LIMA_METROPOLITANA","DIRIS-LIMA NORTE","HOSP NACIONAL SERGIO E. BERNALES","SINOPHARM","24/02/2021","252",
"LIMA_METROPOLITANA","DIRIS-LIMA NORTE","DIRECCI흁 DE REDES INTEGRADAS DE SALUD LIMA NORTE","SINOPHARM","24/02/2021","718",
"LIMA_METROPOLITANA","DIRIS-LIMA SUR","HOSPITAL DE EMERGENCIAS VILLA EL SALVADOR","SINOPHARM","08/02/2021","1508",
"LIMA_METROPOLITANA","DIRIS-LIMA SUR","DIRECCI흁 DE REDES INTEGRADAS DE SALUD LIMA SUR","SINOPHARM","08/02/2021","3682",
"LIMA_METROPOLITANA","DIRIS-LIMA SUR","HOSPITAL MARIA AUXILIADORA","SINOPHARM","08/02/2021","1787",
"LIMA_METROPOLITANA","DIRIS-LIMA SUR","HOSPITAL MARIA AUXILIADORA","SINOPHARM","16/02/2021","1125",
"LIMA_METROPOLITANA","DIRIS-LIMA SUR","HOSPITAL DE EMERGENCIAS VILLA EL SALVADOR","SINOPHARM","16/02/2021","677",
"LIMA_METROPOLITANA","DIRIS-LIMA SUR","DIRECCI흁 DE REDES INTEGRADAS DE SALUD LIMA SUR","PFIZER","23/07/2021","102960",
"LIMA_METROPOLITANA","DIRIS-LIMA SUR","DIRECCI흁 DE REDES INTEGRADAS DE SALUD LIMA SUR","PFIZER","25/07/2021","17550",
"LIMA_METROPOLITANA","DIRIS-LIMA SUR","DIRECCI흁 DE REDES INTEGRADAS DE SALUD LIMA SUR","PFIZER","27/07/2021","33930",
"LIMA_METROPOLITANA","DIRIS-LIMA SUR","DIRECCI흁 DE REDES INTEGRADAS DE SALUD LIMA SUR","PFIZER","28/07/2021","22230",
"LIMA_METROPOLITANA","DIRIS-LIMA SUR","DIRECCI흁 DE REDES INTEGRADAS DE SALUD LIMA SUR","PFIZER","09/07/2021","99000",
"LIMA_METROPOLITANA","DIRIS-LIMA SUR","DIRECCI흁 DE REDES INTEGRADAS DE SALUD LIMA SUR","PFIZER","15/07/2021","19500",
"LIMA_METROPOLITANA","DIRIS-LIMA SUR","DIRECCI흁 DE REDES INTEGRADAS DE SALUD LIMA SUR","PFIZER","16/07/2021","67860",
"LIMA_METROPOLITANA","DIRIS-LIMA SUR","DIRECCI흁 DE REDES INTEGRADAS DE SALUD LIMA SUR","PFIZER","22/07/2021","21060",
"LIMA_METROPOLITANA","DIRIS-LIMA SUR","DIRECCI흁 DE REDES INTEGRADAS DE SALUD LIMA SUR","PFIZER","21/06/2021","17550",
"LIMA_METROPOLITANA","DIRIS-LIMA SUR","DIRECCI흁 DE REDES INTEGRADAS DE SALUD LIMA SUR","PFIZER","24/06/2021","2340",
"LIMA_METROPOLITANA","DIRIS-LIMA SUR","DIRECCI흁 DE REDES INTEGRADAS DE SALUD LIMA SUR","PFIZER","25/06/2021","26910",
"LIMA_METROPOLITANA","DIRIS-LIMA SUR","DIRECCI흁 DE REDES INTEGRADAS DE SALUD LIMA SUR","PFIZER","28/06/2021","35100",
"LIMA_METROPOLITANA","DIRIS-LIMA SUR","DIRECCI흁 DE REDES INTEGRADAS DE SALUD LIMA SUR","PFIZER","30/06/2021","223650",
"LIMA_METROPOLITANA","DIRIS-LIMA SUR","HOSPITAL DE EMERGENCIAS VILLA EL SALVADOR","SINOPHARM","08/06/2021","112",
"LIMA_METROPOLITANA","DIRIS-LIMA SUR","DIRECCI흁 DE REDES INTEGRADAS DE SALUD LIMA SUR","SINOPHARM","08/06/2021","3810",
"LIMA_METROPOLITANA","DIRIS-LIMA SUR","HOSPITAL MARIA AUXILIADORA","SINOPHARM","08/06/2021","548",
"LIMA_METROPOLITANA","DIRIS-LIMA SUR","DIRECCI흁 DE REDES INTEGRADAS DE SALUD LIMA SUR","PFIZER","15/06/2021","15210",
"LIMA_METROPOLITANA","DIRIS-LIMA SUR","DIRECCI흁 DE REDES INTEGRADAS DE SALUD LIMA SUR","PFIZER","18/06/2021","24570",
"LIMA_METROPOLITANA","DIRIS-LIMA SUR","DIRECCI흁 DE REDES INTEGRADAS DE SALUD LIMA SUR","PFIZER","27/05/2021","54078",
"LIMA_METROPOLITANA","DIRIS-LIMA SUR","DIRECCI흁 DE REDES INTEGRADAS DE SALUD LIMA SUR","PFIZER","31/05/2021","46938",
"LIMA_METROPOLITANA","DIRIS-LIMA SUR","DIRECCI흁 DE REDES INTEGRADAS DE SALUD LIMA SUR","PFIZER","04/06/2021","36270",
"LIMA_METROPOLITANA","DIRIS-LIMA SUR","DIRECCI흁 DE REDES INTEGRADAS DE SALUD LIMA SUR","PFIZER","07/06/2021","59670",
"LIMA_METROPOLITANA","DIRIS-LIMA SUR","DIRECCI흁 DE REDES INTEGRADAS DE SALUD LIMA SUR","PFIZER","30/04/2021","17268",
"LIMA_METROPOLITANA","DIRIS-LIMA SUR","DIRECCI흁 DE REDES INTEGRADAS DE SALUD LIMA SUR","PFIZER","07/05/2021","72540",
"LIMA_METROPOLITANA","DIRIS-LIMA SUR","DIRECCI흁 DE REDES INTEGRADAS DE SALUD LIMA SUR","PFIZER","15/05/2021","4680",
"LIMA_METROPOLITANA","DIRIS-LIMA SUR","DIRECCI흁 DE REDES INTEGRADAS DE SALUD LIMA SUR","PFIZER","18/05/2021","102960",
"LIMA_METROPOLITANA","DIRIS-LIMA SUR","DIRECCI흁 DE REDES INTEGRADAS DE SALUD LIMA SUR","PFIZER","15/04/2021","38214",
"LIMA_METROPOLITANA","DIRIS-LIMA SUR","DIRECCI흁 DE REDES INTEGRADAS DE SALUD LIMA SUR","PFIZER","22/04/2021","4680",
"LIMA_METROPOLITANA","DIRIS-LIMA SUR","DIRECCI흁 DE REDES INTEGRADAS DE SALUD LIMA SUR","PFIZER","29/04/2021","12870",
"LIMA_METROPOLITANA","DIRIS-LIMA SUR","DIRECCI흁 DE REDES INTEGRADAS DE SALUD LIMA SUR","SINOPHARM","25/03/2021","12186",
"LIMA_METROPOLITANA","DIRIS-LIMA SUR","DIRECCI흁 DE REDES INTEGRADAS DE SALUD LIMA SUR","SINOPHARM","31/03/2021","2876",
"LIMA_METROPOLITANA","DIRIS-LIMA SUR","DIRECCI흁 DE REDES INTEGRADAS DE SALUD LIMA SUR","PFIZER","03/04/2021","852",
"LIMA_METROPOLITANA","DIRIS-LIMA SUR","DIRECCI흁 DE REDES INTEGRADAS DE SALUD LIMA SUR","SINOPHARM","05/04/2021","7124",
"LIMA_METROPOLITANA","DIRIS-LIMA SUR","HOSPITAL MARIA AUXILIADORA","SINOPHARM","09/03/2021","1125",
"LIMA_METROPOLITANA","DIRIS-LIMA SUR","HOSPITAL DE EMERGENCIAS VILLA EL SALVADOR","SINOPHARM","09/03/2021","683",
"LIMA_METROPOLITANA","DIRIS-LIMA SUR","DIRECCI흁 DE REDES INTEGRADAS DE SALUD LIMA SUR","SINOPHARM","10/03/2021","16351",
"LIMA_METROPOLITANA","DIRIS-LIMA SUR","DIRECCI흁 DE REDES INTEGRADAS DE SALUD LIMA SUR","PFIZER","15/03/2021","852",
"LIMA_METROPOLITANA","DIRIS-LIMA SUR","HOSPITAL DE EMERGENCIAS VILLA EL SALVADOR","SINOPHARM","19/02/2021","1508",
"LIMA_METROPOLITANA","DIRIS-LIMA SUR","DIRECCI흁 DE REDES INTEGRADAS DE SALUD LIMA SUR","SINOPHARM","24/02/2021","432",
"LIMA_METROPOLITANA","DIRIS-LIMA SUR","DIRECCI흁 DE REDES INTEGRADAS DE SALUD LIMA SUR","SINOPHARM","03/03/2021","2366",
"LIMA_METROPOLITANA","DIRIS-LIMA SUR","HOSPITAL DE EMERGENCIAS VILLA EL SALVADOR","SINOPHARM","03/03/2021","6",
"LIMA_METROPOLITANA","DIRIS-LIMA SUR","DIRECCI흁 DE REDES INTEGRADAS DE SALUD LIMA SUR","SINOPHARM","04/03/2021","1392",
"LIMA_METROPOLITANA","DIRIS-LIMA SUR","DIRECCI흁 DE REDES INTEGRADAS DE SALUD LIMA SUR","SINOPHARM","05/03/2021","2",
"LIMA_METROPOLITANA","DIRIS-LIMA SUR","DIRECCI흁 DE REDES INTEGRADAS DE SALUD LIMA SUR","SINOPHARM","18/02/2021","12159",
"LIMA_METROPOLITANA","DIRIS-LIMA SUR","DIRECCI흁 DE REDES INTEGRADAS DE SALUD LIMA SUR","SINOPHARM","19/02/2021","3682",
"LIMA_METROPOLITANA","DIRIS-LIMA SUR","HOSPITAL MARIA AUXILIADORA","SINOPHARM","19/02/2021","1787",
"OTRAS_INSTITUCIONES","ESSALUD","ESSALUD LIMA - NIVEL CENTRAL","PFIZER","13/03/2021","29250",
"OTRAS_INSTITUCIONES","ESSALUD","ESSALUD LIMA - NIVEL CENTRAL","PFIZER","21/03/2021","9360",
"OTRAS_INSTITUCIONES","ESSALUD","ESSALUD LIMA - NIVEL CENTRAL","PFIZER","27/03/2021","11700",
"OTRAS_INSTITUCIONES","ESSALUD","ESSALUD LIMA - NIVEL CENTRAL","PFIZER","23/07/2021","101790",
"OTRAS_INSTITUCIONES","ESSALUD","ESSALUD LIMA - NIVEL CENTRAL","PFIZER","25/07/2021","17550",
"OTRAS_INSTITUCIONES","ESSALUD","ESSALUD LIMA - NIVEL CENTRAL","PFIZER","27/07/2021","40950",
"OTRAS_INSTITUCIONES","ESSALUD","ESSALUD LIMA - NIVEL CENTRAL","PFIZER","28/07/2021","22230",
"OTRAS_INSTITUCIONES","ESSALUD","ESSALUD LIMA - NIVEL CENTRAL","PFIZER","15/07/2021","19500",
"OTRAS_INSTITUCIONES","ESSALUD","ESSALUD LIMA - NIVEL CENTRAL","PFIZER","16/07/2021","46800",
"OTRAS_INSTITUCIONES","ESSALUD","ESSALUD LIMA - NIVEL CENTRAL","PFIZER","20/07/2021","17850",
"OTRAS_INSTITUCIONES","ESSALUD","ESSALUD LIMA - NIVEL CENTRAL","PFIZER","22/07/2021","26910",
"OTRAS_INSTITUCIONES","ESSALUD","ESSALUD LIMA - NIVEL CENTRAL","PFIZER","30/06/2021","215160",
"OTRAS_INSTITUCIONES","ESSALUD","ESSALUD LIMA - NIVEL CENTRAL","PFIZER","07/07/2021","8802",
"OTRAS_INSTITUCIONES","ESSALUD","ESSALUD LIMA - NIVEL CENTRAL","PFIZER","09/07/2021","62550",
"OTRAS_INSTITUCIONES","ESSALUD","ESSALUD LIMA - NIVEL CENTRAL","SINOPHARM","13/07/2021","7224",
"OTRAS_INSTITUCIONES","ESSALUD","ESSALUD LIMA - NIVEL CENTRAL","PFIZER","18/06/2021","21060",
"OTRAS_INSTITUCIONES","ESSALUD","ESSALUD LIMA - NIVEL CENTRAL","PFIZER","21/06/2021","16380",
"OTRAS_INSTITUCIONES","ESSALUD","ESSALUD LIMA - NIVEL CENTRAL","PFIZER","24/06/2021","3510",
"OTRAS_INSTITUCIONES","ESSALUD","ESSALUD LIMA - NIVEL CENTRAL","PFIZER","25/06/2021","23400",
"OTRAS_INSTITUCIONES","ESSALUD","ESSALUD LIMA - NIVEL CENTRAL","PFIZER","28/06/2021","43290",
"OTRAS_INSTITUCIONES","ESSALUD","ESSALUD LIMA - NIVEL CENTRAL","PFIZER","01/06/2021","53718",
"OTRAS_INSTITUCIONES","ESSALUD","ESSALUD LIMA - NIVEL CENTRAL","PFIZER","04/06/2021","28080",
"OTRAS_INSTITUCIONES","ESSALUD","ESSALUD LIMA - NIVEL CENTRAL","PFIZER","07/06/2021","54990",
"OTRAS_INSTITUCIONES","ESSALUD","ESSALUD LIMA - NIVEL CENTRAL","PFIZER","15/06/2021","7020",
"OTRAS_INSTITUCIONES","ESSALUD","ESSALUD LIMA - NIVEL CENTRAL","PFIZER","18/05/2021","94770",
"OTRAS_INSTITUCIONES","ESSALUD","ESSALUD LIMA - NIVEL CENTRAL","PFIZER","25/05/2021","46800",
"OTRAS_INSTITUCIONES","ESSALUD","ESSALUD LIMA - NIVEL CENTRAL","PFIZER","27/05/2021","63162",
"OTRAS_INSTITUCIONES","ESSALUD","ESSALUD LIMA - NIVEL CENTRAL","PFIZER","30/04/2021","16380",
"OTRAS_INSTITUCIONES","ESSALUD","ESSALUD LIMA - NIVEL CENTRAL","PFIZER","06/05/2021","3510",
"OTRAS_INSTITUCIONES","ESSALUD","ESSALUD LIMA - NIVEL CENTRAL","PFIZER","07/05/2021","30420",
"OTRAS_INSTITUCIONES","ESSALUD","ESSALUD LIMA - NIVEL CENTRAL","PFIZER","09/05/2021","76050",
"OTRAS_INSTITUCIONES","ESSALUD","ESSALUD LIMA - NIVEL CENTRAL","PFIZER","15/05/2021","4680",
"OTRAS_INSTITUCIONES","ESSALUD","ESSALUD LIMA - NIVEL CENTRAL","PFIZER","03/04/2021","17550",
"OTRAS_INSTITUCIONES","ESSALUD","ESSALUD LIMA - NIVEL CENTRAL","PFIZER","08/04/2021","21060",
"OTRAS_INSTITUCIONES","ESSALUD","ESSALUD LIMA - NIVEL CENTRAL","PFIZER","15/04/2021","64422",
"OTRAS_INSTITUCIONES","ESSALUD","ESSALUD LIMA - NIVEL CENTRAL","PFIZER","29/04/2021","5850",
"LIMA_METROPOLITANA","DIRIS-LIMA CENTRO","INSTITUTO NACIONAL DE ENFERMEDADES NEOPLASICAS","PFIZER","18/06/2021","4680",
